area,number_of_rooms,price,region,source
45,1,89000,Соцмісто,lun
80,2,125000,Деміївка,lun
83,3,275000,Печерський,lun
104,3,129900,Теремки-2,lun
220,4,600000,Печерський,lun
75,2,178000,Оболонь,lun
300,5,1350000,Липки,lun
46,1,72000,Дарницький,lun
71,2,118000,Солом'янський,lun
210,5,175000,Солом'янський,lun
82,4,80000,Солом'янський,lun
65,2,125000,Шевченківський,lun
39,2,34000,Подільський,lun
50,1,125000,Чорна Гора,lun
61,2,127000,Мостицький масив,lun
103,2,125000,Чорна Гора,lun
109,6,85000,Дарницький,lun
54,1,105000,Лук'янівка,lun
210,5,175000,Солом'янський,lun
43,1,85000,Шулявка,lun
43,1,109000,Деміївка,lun
62,3,53500,Святошинський,lun
202,5,270000,Голосіївський,lun
40,1,42000,Караваєві Дачі,lun
70,2,81785,Дніпровський,lun
350,7,1250000,Звіринець,lun
84,2,147714,Верхня Теличка,lun
79,2,103000,Дарницький,lun
200,4,1200000,Липки,lun
88,3,200000,Печерський,lun
65,2,279000,Чорна Гора,lun
33,1,50000,Солом'янський,lun
152,3,260000,Шевченківський,lun
41,1,80000,Шевченківський,lun
57,1,200000,Печерський,lun
60,1,80000,Нова Дарниця,lun
298,5,270000,Солом'янський,lun
140,4,194000,Дарницький,lun
81,3,120000,Святошинський,lun
43,1,65000,Солом'янка,lun
168,4,352000,Печерськ,lun
93,3,105000,Дарницький,lun
144,3,863000,Звіринець,lun
98,3,92000,Голосіївський,lun
63,1,185000,Печерський,lun
165,4,290000,Голосіївський,lun
53,2,46000,Деснянський,lun
75,3,120000,Голосіївський,lun
87,2,118000,Мінський,lun
122,3,197160,Русанівка,lun
42,1,43499,Деснянський,lun
62,3,85000,Печерський,lun
87,3,85000,Дарницький,lun
115,3,365000,Нова забудова,lun
95,3,120446,Солдатська слобідка,lun
50,2,48500,Оболонський,lun
72,3,64000,Солом'янський,lun
43,1,85000,Шулявка,lun
65,2,120000,Шулявка,lun
45,1,65000,Теремки-2,lun
73,3,250000,Подільський,lun
156,4,200000,Північно-Броварський (Комсомольський),lun
84,3,185000,Позняки,lun
1517,5,121360,Печерськ,lun
84,2,215000,Нова забудова,lun
83,3,275000,Печерський,lun
150,4,650000,Чорна Гора,lun
82,3,118000,Соцмісто,lun
110,3,140000,Деснянський,lun
60,1,50000,Стара Дарниця,lun
38,1,65000,Мінський,lun
97,3,120000,Святошинський,lun
40,1,92000,Нова забудова,lun
96,3,120000,Дніпровський,lun
70,2,85000,Осокорки,lun
40,1,40500,Олександрівська Слобідка,lun
58,2,65000,Шулявка,lun
58,1,80000,Дарницький,lun
52,2,40500,Деснянський,lun
30,1,34000,Оболонський,lun
86,3,210000,Березняки,lun
45,1,65000,Теремки-2,lun
245,5,320000,Оболонський,lun
45,2,46000,Солом'янський,lun
55,1,41964,Караваєві Дачі,lun
140,4,194000,Дарницький,lun
84,3,88000,Дніпровський,lun
82,3,125000,Шулявка,lun
96,3,105000,Дарницький,lun
69,3,72000,Солом'янський,lun
81,3,178000,Нижній Печерськ,lun
94,3,200000,Печерський,lun
52,1,100000,Деміївка,lun
94,3,120000,Дарницький,lun
51,1,125000,Оболонь,lun
65,2,120000,Голосіївський,lun
71,2,118000,Солом'янський,lun
49,1,80000,Подільський,lun
82,3,65000,Голосіївський,lun
70,2,125000,Голосіївський,lun
38,1,40500,Мінський,lun
92,3,370000,Чорна Гора,lun
92,3,179000,Сирець,lun
54,2,56000,Оболонський,lun
48,1,43750,Дніпровський,lun
70,3,60000,Святошинський,lun
45,1,49000,Теремки-1,lun
71,2,74800,Теремки-1,lun
65,3,75000,Оболонський,lun
55,2,75000,Солом'янський,lun
90,2,189000,Теремки-2,lun
42,1,60000,Осокорки,lun
40,1,57000,Сирець,lun
36,1,30000,Осокорки,lun
125,4,550000,Чорна Гора,lun
212,3,848000,Печерськ,lun
90,3,108000,Оболонський,lun
128,4,265000,Подільський,lun
136,3,251000,Печерський,lun
96,3,380000,Нова забудова,lun
85,3,98000,Солом'янка,lun
38,1,36000,Олександрівська Слобідка,lun
53,1,108000,Нижній Печерськ,lun
37,1,75000,Голосіїво,lun
117,3,259000,Печерський,lun
78,2,78700,Голосіївський,lun
47,1,63000,Троєщина,lun
43,1,56000,Виноградар,lun
40,1,60000,Теремки,lun
70,3,76000,Дарницький,lun
92,3,179000,Сирець,lun
36,1,60000,Оболонь,lun
50,1,69820,Харьківський,lun
67,2,87700,Сирець,lun
37,1,26000,Осокорки,lun
40,1,60000,Теремки,lun
96,4,81000,Святошинський,lun
78,2,79220,Мостицький масив,lun
42,2,69000,Голосіївський,lun
107,3,325000,Печерський,lun
79,4,75000,Солом'янський,lun
55,2,70000,Печерський,lun
74,3,86000,Оболонський,lun
94,3,150000,Солом'янський,lun
310,5,2100000,Шевченківський,lun
27,1,29999,Солом'янський,lun
83,2,220000,Шулявка,lun
58,3,60000,Солом'янський,lun
55,2,53000,Лук'янівка,lun
37,1,40000,Новобіличі,lun
74,2,180000,Нижній Печерськ,lun
120,3,240000,Печерський,lun
89,3,259000,Нижній Печерськ,lun
65,2,98000,Олександрівська Слобідка,lun
74,3,83900,Дніпровський,lun
73,3,68000,Дарницький,lun
58,3,60000,Солом'янський,lun
46,1,42107,Дніпровський,lun
62,2,81000,Солом'янський,lun
40,1,42860,Оболонський,lun
46,2,40000,Святошинський,lun
50,2,84000,Позняки,lun
65,2,60000,Лівобережний масив,lun
88,2,176800,Печерськ,lun
89,3,101000,Шевченківський,lun
80,3,150000,Печерський,lun
350,5,1470000,Печерський,lun
45,2,40000,Святошинський,lun
47,1,75000,Теремки-2,lun
44,2,57000,Солом'янський,lun
96,3,380000,Нова забудова,lun
63,2,75000,Шевченківський,lun
48,1,49000,Теремки-1,lun
88,4,68000,Дніпровський,lun
80,4,75000,Оболонський,lun
99,3,108000,Теремки-1,lun
50,1,85900,Мостицький масив,lun
70,2,179000,Нижній Печерськ,lun
240,4,345000,Дніпровський,lun
70,3,70000,Деснянський,lun
73,2,73000,Шулявка,lun
54,1,59000,Дарницький,lun
32,1,40000,Позняки,lun
55,1,99000,Теремки-2,lun
72,2,67000,Подільський,lun
49,1,76000,Дарницький,lun
76,3,70000,Дарницький,lun
1079,1,1999999,Печерський,lun
72,3,61000,Святошинський,lun
80,3,67000,Деснянський,lun
25,1,25000,Караваєві Дачі,lun
59,2,37928,Троєщина,lun
63,3,69700,Оболонський,lun
45,2,160000,Шевченківський,lun
51,2,53800,Подільський,lun
44,1,75000,Святошинський,lun
67,2,75500,Лівобережний масив,lun
67,2,59000,Дарницький,lun
161,4,395000,Печерський,lun
140,4,199000,Шевченківський,lun
75,2,60000,Дарницький,lun
80,3,112000,Дарницький,lun
103,3,305000,Печерськ,lun
350,4,1900000,Шевченківський,lun
26,1,29000,Подільський,lun
91,3,119999,Голосіївський,lun
75,3,170000,Нижній Печерськ,lun
188,5,233000,Нова забудова,lun
64,2,35000,Осокорки,lun
23,1,32500,Оболонський,lun
110,3,190000,Шевченківський,lun
106,3,121000,Дарницький,lun
133,3,274999,Нижній Печерськ,lun
62,1,135000,Оболонь,lun
190,4,1000000,Чорна Гора,lun
92,3,170000,Голосіївський,lun
43,1,66499,Святошинський,lun
43,1,73990,Вітряні Гори,lun
56,2,49900,Біличі,lun
61,1,71857,Микільська Слобідка,lun
170,4,570000,Шевченківський,lun
55,2,93000,Печерський,lun
56,1,95000,Шевченківський,lun
32,1,49900,Печерський,lun
48,2,49900,Оболонський,lun
76,3,62000,Деснянський,lun
255,4,1095640,Нижній Печерськ,lun
31,1,39000,Подільський,lun
73,2,95000,Дарницький,lun
59,1,95000,Шевченківський,lun
81,2,115000,Осокорки,lun
46,2,55000,Оболонський,lun
137,3,425000,Печерський,lun
52,2,79900,Голосіївський,lun
58,3,115000,Печерський,lun
115,3,55000,Дарницький,lun
70,2,45000,Троєщина,lun
60,1,110000,Лівобережний масив,lun
46,1,34900,Солом'янський,lun
38,1,48000,Позняки,lun
50,2,83000,Солом'янський,lun
97,2,230000,Оболонський,lun
57,2,116000,Голосіїво,lun
74,2,149000,Нова забудова,lun
105,3,115000,Дарницький,lun
53,1,87000,Дарницький,lun
85,2,110000,Голосіївський,lun
90,2,285000,Нижній Печерськ,lun
166,5,284571,Нова забудова,lun
30,1,55000,Нивки,lun
55,2,39285,Голосіївський,lun
117,3,225000,Печерський,lun
223,3,450000,Шевченківський,lun
68,2,55000,Дарницький,lun
81,2,165000,Печерськ,lun
107,3,248000,Історичний центр,lun
130,3,559000,Нижній Печерськ,lun
31,1,30500,Солом'янський,lun
45,1,45000,Троєщина,lun
58,2,49900,Дніпровський,lun
31,1,32500,Подільський,lun
122,3,230000,Позняки,lun
40,1,34571,Осокорки,lun
55,1,123214,Печерськ,lun
45,2,45000,Шевченківський,lun
52,1,136200,Оболонь,lun
56,2,35000,Теремки,lun
53,1,170000,Печерський,lun
65,2,169000,Шевченківський,lun
156,3,312000,Оболонський,lun
37,1,35000,Позняки,lun
50,1,190000,Нижній Печерськ,lun
42,1,74300,Жуляни,lun
116,3,159000,Дарницький,lun
115,3,310000,Чорна Гора,lun
46,1,83000,Святошино,lun
82,3,135000,Соцмісто,lun
61,2,64444,Феофанія,lun
124,3,349000,Чорна Гора,lun
62,3,48000,Дніпровський,lun
49,1,52000,Жуляни,lun
64,3,76500,Шевченківський,lun
46,1,129000,Печерський,lun
36,1,39000,Виноградар,lun
106,3,121000,Дарницький,lun
49,2,62000,Берковець,lun
64,2,82500,Осокорки,lun
47,1,52000,Харьківський,lun
22,1,19000,Голосіївський,lun
57,2,123000,Печерський,lun
212,4,1275000,Чорна Гора,lun
38,1,37998,Мінський,lun
117,3,225000,Печерський,lun
96,4,165000,Печерський,lun
75,3,49800,Позняки,lun
85,2,135000,Дніпровський,lun
51,2,58000,Оболонський,lun
87,2,252000,Печерський,lun
96,3,110871,Русанівка,lun
86,2,235000,Оболонь,lun
58,2,129000,Шевченківський,lun
89,3,80500,Подільський,lun
104,3,332000,Поділ,lun
100,4,299000,Голосіївський,lun
80,4,92000,Солом'янський,lun
30,1,34000,Голосіївський,lun
128,4,105000,Дарницький,lun
60,2,65000,Голосіївський,lun
68,2,64464,Шевченківський,lun
47,1,38500,Відрадний,lun
74,3,105000,Печерський,lun
74,2,125000,Осокорки,lun
40,1,65000,Замковище,lun
98,3,100000,Дніпровський,lun
127,3,92000,Дніпровський,lun
74,2,120000,Саперна Слобідка,lun
68,2,54821,Осокорки,lun
296,5,1300000,Печерськ,lun
36,1,39900,Дарницький,lun
36,1,42000,Виноградар,lun
179,4,286000,Сирець,lun
84,3,185000,Позняки,lun
82,2,80000,Святошинський,lun
50,1,108500,Північно-Броварський (Комсомольський),lun
37,1,31892,Мінський,lun
185,4,1450000,Шевченківський,lun
65,2,89999,Феофанія,lun
101,3,300000,Деміївка,lun
65,2,279000,Чорна Гора,lun
215,5,250000,Дніпровський,lun
108,3,300000,Солом'янка,lun
124,3,208000,Нова забудова,lun
71,3,59900,Деснянський,lun
50,1,100000,Нижній Печерськ,lun
51,2,47900,Святошинський,lun
51,1,64000,Позняки,lun
80,3,85000,Оболонський,lun
60,3,51500,Подільський,lun
55,2,125000,Печерський,lun
81,3,80000,Позняки,lun
57,2,50000,Теремки-1,lun
78,2,119000,Шевченківський,lun
43,1,72900,Позняки,lun
131,3,320000,Оболонь,lun
43,1,64000,Оболонський,lun
71,2,72000,Дарницький,lun
68,3,80000,Святошинський,lun
75,2,105000,Дарницький,lun
56,2,89000,Дарницький,lun
33,1,38500,Шевченківський,lun
38,1,66000,Теремки-1,lun
60,2,50000,Дарницький,lun
46,1,50000,Харьківський,lun
54,1,85000,Голосіїво,lun
81,2,207060,Голосіївський,lun
62,2,80000,Феофанія,lun
42,1,38500,Сирець,lun
39,1,50000,Замковище,lun
75,3,125000,Жуляни,lun
21,1,28000,Деснянський,lun
197,6,500000,Печерський,lun
45,2,39999,Подільський,lun
200,4,1200000,Липки,lun
73,3,120000,Рибальський острів,lun
72,3,64000,Солом'янський,lun
53,2,92000,Нова Дарниця,lun
60,2,120000,Шевченківський,lun
74,2,67785,Дніпровський,lun
41,2,50000,Солом'янський,lun
72,2,140000,Святошино,lun
60,3,48990,Деснянський,lun
152,3,215000,Сирець,lun
50,1,99900,Позняки,lun
190,4,250000,Оболонський,lun
60,2,100000,Голосіїво,lun
45,1,51000,Подільський,lun
91,3,158200,Печерський,lun
50,2,105000,Солом'янський,lun
59,2,236000,Чорна Гора,lun
51,1,85000,Солом'янка,lun
143,3,270000,Оболонь,lun
84,3,50000,Осокорки,lun
42,1,120000,Подільський,lun
46,2,42000,Подільський,lun
89,3,65000,Деснянський,lun
450,5,1890000,Чорна Гора,lun
115,3,460000,Чорна Гора,lun
67,1,125000,Нова забудова,lun
60,1,50000,Стара Дарниця,lun
86,2,125000,Вітряні Гори,lun
46,2,38500,Солом'янський,lun
89,3,124600,Солом'янський,lun
84,2,365000,Чорна Гора,lun
47,1,100000,Позняки,lun
74,2,109000,Сирець,lun
99,4,250000,Нова забудова,lun
87,3,100000,Соцмісто,lun
345,4,2900000,Печерський,lun
58,3,42000,Дніпровський,lun
40,1,42000,Дарницький,lun
80,2,200000,Нижній Печерськ,lun
107,3,315000,Нова забудова,lun
83,3,275000,Печерський,lun
67,2,41964,Відрадний,lun
32,1,57500,Дніпровський,lun
177,4,275000,Нижній Печерськ,lun
103,3,88000,Мінський,lun
52,1,42714,Нова Дарниця,lun
165,4,290000,Голосіївський,lun
40,1,38900,Олександрівська Слобідка,lun
43,1,36500,Оболонь,lun
72,2,200000,Печерський,lun
72,2,109000,Солом'янка,lun
65,2,64464,Шевченківський,lun
81,2,100000,Позняки,lun
105,3,200000,Солдатська слобідка,lun
45,1,74000,Солом'янський,lun
52,1,65000,Голосіїво,lun
55,1,125000,Нова забудова,lun
120,4,420000,Шевченківський,lun
47,1,74000,Жуляни,lun
70,2,103000,Лівобережний масив,lun
65,2,100000,Теремки-2,lun
97,2,163200,Нова забудова,lun
30,1,50000,Шевченківський,lun
122,3,142000,Дарницький,lun
54,2,80000,Голосіївський,lun
68,3,50000,Дніпровський,lun
114,3,88000,Деснянський,lun
69,2,92000,Північно-Броварський (Комсомольський),lun
124,3,200000,Шевченківський,lun
88,3,355000,Нижній Печерськ,lun
64,3,64000,Оболонський,lun
72,2,200000,Печерський,lun
40,1,37184,Дніпровський,lun
49,1,81990,Північно-Броварський (Комсомольський),lun
69,3,59900,Оболонський,lun
103,3,140000,Рибальський острів,lun
96,3,85000,Нивки,lun
53,1,95400,Нижній Печерськ,lun
80,3,85000,Голосіївський,lun
120,3,109000,Святошинський,lun
83,2,114000,Вітряні Гори,lun
75,3,120000,Дарницький,lun
54,2,80000,Голосіївський,lun
95,3,110878,Дніпровський,lun
105,3,85000,Дарницький,lun
180,4,850000,Чорна Гора,lun
105,3,131000,Олександрівська Слобідка,lun
84,2,260000,Чорна Гора,lun
47,2,42950,Святошинський,lun
39,1,42000,Дарницький,lun
72,3,65000,Святошинський,lun
210,5,175000,Солом'янський,lun
122,3,192000,Лівобережний масив,lun
82,2,290000,Нова забудова,lun
43,1,54499,Оболонський,lun
62,2,65000,Дніпровський,lun
84,2,105000,Теремки-2,lun
46,2,50000,Голосіївський,lun
30,1,34000,Голосіївський,lun
107,3,315000,Нова забудова,lun
94,3,125000,Шевченківський,lun
78,2,125000,Осокорки,lun
32,1,38500,Оболонський,lun
69,3,85000,Солом'янський,lun
72,2,125000,Борщагівка,lun
128,3,423000,Нижній Печерськ,lun
79,2,85000,Позняки,lun
112,3,239000,Печерський,lun
48,2,85000,Печерський,lun
100,3,250000,Нижній Печерськ,lun
115,3,140000,Саперна Слобідка,lun
140,3,127000,Дарницький,lun
30,1,31500,Дніпровський,lun
46,1,80000,Шулявка,lun
65,2,140000,Теремки-2,lun
40,2,60900,Печерський,lun
53,1,89000,Нижній Печерськ,lun
220,4,275000,Шевченківський,lun
40,1,40500,Дарницький,lun
115,4,225990,Оболонський,lun
116,3,275000,Нова забудова,lun
81,2,154280,Голосіївський,lun
40,1,47900,Феофанія,lun
57,2,85000,Шевченківський,lun
79,2,103000,Дарницький,lun
47,1,119000,Шевченківський,lun
112,3,279000,Первомайський масив,lun
93,3,420000,Нижній Печерськ,lun
85,3,88000,Нивки,lun
72,2,140000,Печерський,lun
73,2,66000,Подільський,lun
75,3,125000,Голосіївський,lun
40,1,65000,Замковище,lun
43,1,64000,Оболонський,lun
31,1,67500,Соцмісто,lun
41,1,65000,Дарницький,lun
48,1,50000,Дніпровський,lun
73,3,65000,Шевченківський,lun
172,4,275000,Шевченківський,lun
61,2,125000,Печерський,lun
61,2,85000,Голосіївський,lun
63,3,64000,Солом'янський,lun
34,1,46000,Оболонський,lun
45,2,65000,Солом'янський,lun
66,1,210000,Чорна Гора,lun
104,3,129900,Теремки-2,lun
56,2,60900,Дарницький,lun
67,2,85000,Сирець,lun
67,2,41964,Відрадний,lun
40,1,72000,Микільська Слобідка,lun
30,1,41500,Шевченківський,lun
44,1,42900,Нова Дарниця,lun
126,4,200000,Оболонь,lun
76,2,120000,Звіринець,lun
105,3,125000,Дарницький,lun
175,5,250000,Голосіївський,lun
45,1,65000,Теремки-2,lun
134,4,119000,Нова Дарниця,lun
274,6,850000,Шевченківський,lun
130,3,270000,Чорна Гора,lun
30,1,50000,Нивки,lun
42,1,65000,Відрадний,lun
72,2,65000,Подільський,lun
151,4,320000,Оболонь,lun
39,1,59700,Виноградар,lun
104,2,237000,Звіринець,lun
92,3,260000,Чорна Гора,lun
46,2,38500,Дніпровський,lun
45,2,42000,Святошинський,lun
325,4,1097000,Нижній Печерськ,lun
202,5,465000,Печерськ,lun
50,1,210000,Нова забудова,lun
66,2,85000,Дарницький,lun
40,1,46000,Феофанія,lun
56,3,65000,Дніпровський,lun
115,4,250000,Голосіїво,lun
77,3,69999,Святошинський,lun
131,5,300000,Лук'янівка,lun
81,3,80000,Теремки-2,lun
81,2,96000,Осокорки,lun
72,2,140000,Святошино,lun
73,2,250000,Солдатська слобідка,lun
50,2,103000,Печерський,lun
36,1,41500,Дарницький,lun
46,1,72215,Голосіївський,lun
30,1,31500,Олександрівська Слобідка,lun
70,2,250000,Шевченківський,lun
65,2,50000,Борщагівка,lun
138,3,140000,Позняки,lun
79,2,80000,Дарницький,lun
25,1,46700,Голосіївський,lun
69,3,65000,Голосіївський,lun
72,2,140000,Святошино,lun
59,2,125000,Подільський,lun
45,1,65000,Теремки-2,lun
29,1,45800,Солом'янський,lun
53,2,133000,Нижній Печерськ,lun
250,4,300000,Позняки,lun
117,3,127000,Дарницький,lun
49,1,52500,Лівобережний масив,lun
189,6,1400000,Печерський,lun
132,3,260000,Голосіїво,lun
62,2,64500,Подільський,lun
52,1,94000,Солдатська слобідка,lun
61,1,45500,Куренівка,lun
90,3,88000,Деснянський,lun
244,4,355000,Нова забудова,lun
45,1,46000,Лівобережний масив,lun
55,2,140000,Солдатська слобідка,lun
46,2,41790,Деснянський,lun
62,3,71500,Дніпровський,lun
45,1,100000,Позняки,lun
38,1,74000,Кудрявець,lun
105,3,105000,Дарницький,lun
280,6,476000,Печерський,lun
110,3,210000,Теремки-2,lun
45,1,65000,Теремки-2,lun
43,1,64000,Оболонський,lun
65,2,100000,Теремки-2,lun
121,3,302500,Голосіївський,lun
78,2,88000,Нивки,lun
37,1,63750,Нивки,lun
43,1,48500,Деснянський,lun
155,3,250000,Шевченківський,lun
160,4,272000,Шулявка,lun
102,3,185000,Сирець,lun
95,2,299000,Нова забудова,lun
118,3,210000,Дніпровський,lun
60,3,65000,Оболонський,lun
77,2,80000,Дніпровський,lun
70,2,50000,Осокорки,lun
200,4,690000,Подільський,lun
81,2,260000,Нова забудова,lun
95,3,78500,Дарницький,lun
110,3,200000,Деснянський,lun
86,2,275000,Нова забудова,lun
100,3,260000,Шевченківський,lun
70,3,215000,Шевченківський,lun
46,2,46000,Подільський,lun
46,2,42900,Святошинський,lun
65,2,84500,Ширма,lun
60,3,43900,Святошинський,lun
64,2,234000,Нова забудова,lun
122,3,138000,Дарницький,lun
36,1,35535,Осокорки,lun
43,1,51000,Теремки-1,lun
71,3,46000,Деснянський,lun
33,1,42000,Теремки-1,lun
64,1,125000,Нова забудова,lun
96,4,65000,Деснянський,lun
75,3,125000,Жуляни,lun
80,3,72000,Дарницький,lun
105,3,131000,Олександрівська Слобідка,lun
90,2,120000,Вітряні Гори,lun
130,4,200000,Голосіївський,lun
51,2,65000,Оболонський,lun
112,3,279000,Первомайський масив,lun
100,3,185000,Відрадний,lun
84,2,315000,Чорна Гора,lun
427,4,3000000,Печерський,lun
75,3,120000,Голосіївський,lun
81,2,140000,Осокорки,lun
46,1,72000,Березняки,lun
50,2,85950,Кадетський Гай,lun
83,3,275000,Печерський,lun
82,3,88000,Голосіїво,lun
325,5,1138000,Чорна Гора,lun
50,2,85000,Караваєві Дачі,lun
46,1,103000,Шевченківський,lun
42,1,65000,Осокорки,lun
76,2,96000,Теремки-1,lun
37,1,59900,Осокорки,lun
93,3,300000,Шевченківський,lun
91,3,335000,Печерський,lun
142,4,210000,Позняки,lun
84,2,100000,Нова Дарниця,lun
202,5,605000,Нижній Печерськ,lun
64,2,69900,Святошинський,lun
46,1,89000,Ґалаґани,lun
101,3,185000,Поділ,lun
206,4,1300000,Липки,lun
73,2,85000,Дніпровський,lun
76,3,65000,Теремки-1,lun
117,3,140500,Шевченківський,lun
70,2,85000,Солом'янський,lun
50,1,85000,Теремки-2,lun
33,1,29990,Дніпровський,lun
76,4,100000,Солом'янський,lun
70,3,78500,Дарницький,lun
122,3,295571,Нова забудова,lun
61,2,127000,Мостицький масив,lun
11,1,653000,Печерський,lun
78,3,210000,Оболонський,lun
99,4,250000,Нова забудова,lun
80,3,85000,Оболонський,lun
48,1,85000,Позняки,lun
35,1,57500,Дарницький,lun
115,4,225990,Оболонський,lun
95,3,125000,Солом'янський,lun
105,3,320000,Нижній Печерськ,lun
46,2,119000,Печерський,lun
34,1,46000,Оболонський,lun
110,3,206000,Дарницький,lun
45,2,48500,Подільський,lun
60,2,210000,Нова забудова,lun
84,3,89000,Оболонський,lun
73,3,66000,Дарницький,lun
86,3,163000,Соцмісто,lun
123,3,208000,Нова забудова,lun
40,1,40500,Дніпровський,lun
133,4,166000,Шевченківський,lun
90,2,185000,Дарницький,lun
46,2,85000,Шевченківський,lun
43,1,38900,Деснянський,lun
74,2,74000,Дарницький,lun
244,4,355000,Нова забудова,lun
180,5,112200,Шулявка,lun
128,4,420000,Кудрявець,lun
56,2,118000,Печерський,lun
43,1,50000,Деснянський,lun
40,1,40500,Олександрівська Слобідка,lun
125,4,590000,Чорна Гора,lun
60,2,49300,Дарницький,lun
41,1,39900,Оболонський,lun
105,2,185000,Печерський,lun
37,1,28000,Позняки,lun
72,3,89000,Голосіївський,lun
47,1,53500,Виноградар,lun
97,3,140000,Печерський,lun
48,2,76900,Печерський,lun
34,1,36500,Дніпровський,lun
75,2,65000,Подільський,lun
125,3,105000,Дарницький,lun
70,2,200000,Оболонський,lun
34,1,66000,Шулявка,lun
65,2,64464,Шевченківський,lun
98,4,105000,Соцмісто,lun
50,2,48500,Оболонський,lun
34,1,50000,Подільський,lun
137,3,270000,Печерський,lun
40,1,72000,Микільська Слобідка,lun
74,2,128999,Черепанова гора,lun
52,1,85000,Святошинський,lun
55,1,76900,Деміївка,lun
76,2,100000,Дніпровський,lun
71,2,57142,Голосіївський,lun
89,2,170750,Шевченківський,lun
154,4,158999,Солом'янський,lun
36,1,34000,Харьківський,lun
40,1,45500,Святошино,lun
55,1,100000,Голосіївський,lun
49,1,81473,Шевченківський,lun
37,1,38500,Теремки-1,lun
73,2,142000,Нова забудова,lun
120,3,250000,Нова забудова,lun
54,2,42000,Осокорки,lun
72,2,65000,Подільський,lun
220,4,420000,Шевченківський,lun
61,3,50000,Деснянський,lun
67,2,100000,Дніпровський,lun
70,2,290000,Чорна Гора,lun
73,3,50000,Деснянський,lun
67,2,65000,Подільський,lun
65,2,94000,Мостицький масив,lun
43,1,72900,Позняки,lun
120,3,650000,Чорна Гора,lun
67,2,89000,Позняки,lun
43,1,109000,Деміївка,lun
73,3,215000,Шевченківський,lun
312,6,3000000,Печерський,lun
75,2,270000,Нова забудова,lun
98,3,65000,Троєщина,lun
94,3,88000,Солом'янський,lun
100,3,270000,Кудрявець,lun
95,3,215000,Шулявка,lun
30,1,34500,Голосіївський,lun
52,1,39900,Стара Дарниця,lun
93,3,159950,Нижній Печерськ,lun
38,1,89000,Голосіївський,lun
53,2,89000,Мінський,lun
62,3,53500,Святошинський,lun
153,5,385000,Печерський,lun
75,2,100000,Феофанія,lun
169,4,236600,Солом'янка,lun
53,2,120000,Голосіївський,lun
54,1,200000,Печерський,lun
119,4,210000,Нова забудова,lun
30,1,50000,Шевченківський,lun
122,4,210000,Солом'янський,lun
58,2,66771,Голосіївський,lun
84,3,100000,Голосіївський,lun
187,4,950000,Чорна Гора,lun
195,3,1450000,Печерський,lun
120,3,290000,Солдатська слобідка,lun
59,2,88000,Солом'янка,lun
83,2,65000,Святошинський,lun
34,1,52500,Дарницький,lun
73,3,65000,Дарницький,lun
42,2,79950,Печерський,lun
64,3,92000,Жуляни,lun
67,2,41964,Відрадний,lun
55,2,65000,Голосіїво,lun
67,2,60714,Дніпровський,lun
60,2,300000,Шевченківський,lun
90,3,250000,Нова забудова,lun
350,7,1250000,Звіринець,lun
46,1,46000,Дніпровський,lun
268,5,880000,Шевченківський,lun
42,1,42999,Оболонський,lun
86,1,57142,Соцмісто,lun
250,5,1250000,Печерський,lun
69,3,51000,Дарницький,lun
220,4,650000,Нова забудова,lun
303,1,447000,Подільський,lun
46,1,46000,Виноградар,lun
30,1,72000,Голосіївський,lun
75,2,100000,Феофанія,lun
34,1,66000,Шулявка,lun
70,2,80000,Теремки-1,lun
211,4,300000,Печерський,lun
70,3,75900,Оболонський,lun
68,2,80000,Лівобережний масив,lun
56,3,48500,Святошинський,lun
56,1,57142,Дніпровський,lun
22,1,36500,Дніпровський,lun
103,3,157000,Голосіївський,lun
44,2,65000,Печерський,lun
78,2,133000,Солом'янка,lun
36,1,42999,Деснянський,lun
78,2,133000,Солом'янка,lun
53,2,89000,Мінський,lun
330,5,850000,Оболонський,lun
105,3,105000,Дарницький,lun
228,5,950000,Оболонь,lun
64,2,80000,Позняки,lun
118,3,210000,Дніпровський,lun
75,2,65357,Дніпровський,lun
144,4,403200,Звіринець,lun
75,3,100000,Печерський,lun
57,3,65000,Печерський,lun
74,2,100000,Святошинський,lun
58,2,51000,Дніпровський,lun
98,3,65000,Борщагівка,lun
78,3,53500,Святошинський,lun
350,7,1250000,Звіринець,lun
96,4,80000,Дніпровський,lun
76,2,80000,Голосіївський,lun
44,1,65000,Нивки,lun
45,2,72000,Шевченківський,lun
107,4,80000,Деснянський,lun
38,1,38500,Деснянський,lun
147,3,543900,Печерськ,lun
110,3,157000,Нивки,lun
93,5,120000,Святошинський,lun
85,2,215000,Чорна Гора,lun
48,1,120000,Оболонь,lun
42,1,46300,Нивки,lun
46,1,65000,Позняки,lun
52,1,39900,Стара Дарниця,lun
74,2,65000,Дніпровський,lun
67,2,61600,Осокорки,lun
180,4,275000,Оболонський,lun
66,2,208000,Чорна Гора,lun
58,2,80000,Дарницький,lun
53,1,65000,Лівобережний масив,lun
147,3,795000,Нижній Печерськ,lun
371,6,2500000,Печерський,lun
52,1,120000,Голосіївський,lun
81,2,52500,Солом'янський,lun
52,2,50000,Дарницький,lun
57,1,114000,Печерськ,lun
33,1,46000,Оболонський,lun
98,3,300000,Печерський,lun
55,1,45500,Оболонь,lun
78,3,108700,Соцмісто,lun
51,1,74000,Позняки,lun
134,4,119000,Нова Дарниця,lun
93,3,105000,Дарницький,lun
94,3,105000,Солом'янський,lun
41,1,65000,Дарницький,lun
74,2,109000,Сирець,lun
82,4,72000,Дарницький,lun
75,3,65000,Святошинський,lun
75,3,64000,Святошинський,lun
54,1,175000,Нова забудова,lun
40,1,65000,Виноградар,lun
32,1,50000,Біличі,lun
65,2,64464,Лук'янівка,lun
40,1,50000,Сирець,lun
71,2,133000,Печерський,lun
90,2,315000,Лівобережний масив,lun
48,1,65000,Троєщина,lun
47,2,42000,Солом'янський,lun
173,4,315000,Печерський,lun
67,3,65000,Оболонський,lun
82,2,140000,Святошинський,lun
70,2,80000,Позняки,lun
62,2,65000,Дніпровський,lun
75,2,178000,Оболонь,lun
69,3,59900,Оболонський,lun
112,4,120000,Шевченківський,lun
56,1,96880,Голосіївський,lun
46,1,138000,Шулявка,lun
69,1,120000,Солдатська слобідка,lun
64,3,105000,Шевченківський,lun
126,4,125000,Дарницький,lun
35,1,42900,Дніпровський,lun
37,1,28000,Позняки,lun
50,2,105000,Печерський,lun
54,1,105000,Лук'янівка,lun
179,4,286000,Сирець,lun
69,2,108663,Подільський,lun
82,3,105000,Теремки-2,lun
64,2,65000,Деснянський,lun
50,2,51500,Голосіївський,lun
153,5,385000,Печерський,lun
88,3,200000,Печерський,lun
56,1,57142,Дніпровський,lun
48,2,92000,Печерський,lun
107,5,85000,Шевченківський,lun
160,4,140000,Дарницький,lun
264,5,2500000,Нова забудова,lun
70,2,65000,Сирець,lun
105,4,92000,Святошинський,lun
86,2,125000,Вітряні Гори,lun
85,3,99900,Мостицький масив,lun
32,1,46000,Святошинський,lun
45,2,80000,Позняки,lun
67,3,65000,Деснянський,lun
55,2,52500,Подільський,lun
48,2,52500,Оболонський,lun
46,1,72000,Голосіївський,lun
160,4,790000,Чорна Гора,lun
60,1,80000,Відрадний,lun
47,1,74000,Жуляни,lun
172,4,240240,Солом'янка,lun
65,2,94000,Мостицький масив,lun
107,3,101450,Дарницький,lun
107,3,290000,Нова забудова,lun
46,1,85000,Голосіївський,lun
157,4,320000,Оболонь,lun
109,2,153300,Солом'янка,lun
30,1,34500,Солом'янський,lun
60,3,67500,Оболонський,lun
71,2,183000,Голосіївський,lun
50,1,105000,Позняки,lun
46,1,72000,Голосіївський,lun
21,1,42000,Дніпровський,lun
217,6,355000,Шевченківський,lun
42,1,39999,Солом'янський,lun
128,3,320000,Печерський,lun
43,1,94000,Позняки,lun
32,1,34000,Дніпровський,lun
117,3,200000,Нова забудова,lun
135,5,120000,Оболонський,lun
95,3,98226,Теремки-1,lun
43,1,54499,Оболонський,lun
74,3,100000,Шевченківський,lun
58,2,80000,Дарницький,lun
91,3,140000,Дарницький,lun
70,2,200000,Поділ,lun
85,3,114000,Осокорки,lun
178,5,420000,Шевченківський,lun
65,3,65000,Дніпровський,lun
100,3,127000,Теремки-1,lun
127,3,430000,Печерський,lun
70,2,275000,Чорна Гора,lun
130,3,650000,Чорна Гора,lun
74,1,133600,Черепанова гора,lun
42,2,50000,Шевченківський,lun
67,3,66000,Оболонський,lun
68,3,50990,Святошинський,lun
67,2,57032,Голосіївський,lun
64,1,120000,Шевченківський,lun
45,1,65714,Дніпровський,lun
44,1,59900,Голосіїво,lun
72,2,140000,Липки,lun
103,3,241500,Солдатська слобідка,lun
38,1,48500,Теремки,lun
54,1,85000,Печерськ,lun
94,3,105000,Дарницький,lun
115,4,250000,Печерський,lun
63,1,175000,Нижній Печерськ,lun
112,3,69900,Мостицький масив,lun
50,1,100000,Нижній Печерськ,lun
84,3,127000,Рибальський острів,lun
74,2,125000,Осокорки,lun
115,4,225990,Оболонський,lun
22,1,29500,Деснянський,lun
25,1,24000,КПІ,lun
275,6,1500000,Шевченківський,lun
70,2,85000,Солом'янський,lun
93,3,290000,Шевченківський,lun
88,3,355000,Нижній Печерськ,lun
73,2,72000,Дніпровський,lun
42,2,85000,Теремки-2,lun
117,3,120000,Голосіївський,lun
167,4,600000,Оболонь,lun
137,4,300000,Нижній Печерськ,lun
1224,5,88000,Шевченківський,lun
72,2,92000,Солом'янський,lun
107,3,315000,Нова забудова,lun
68,2,64464,Шевченківський,lun
500,5,2500000,Шевченківський,lun
88,4,74000,Святошинський,lun
46,1,46500,Дарницький,lun
45,1,100000,Позняки,lun
51,2,47900,Святошинський,lun
152,3,499000,Лівобережний масив,lun
46,2,50000,Солом'янський,lun
82,3,80000,Голосіївський,lun
39,2,39700,Солом'янський,lun
51,1,200000,Нова забудова,lun
56,2,134000,Нивки,lun
75,2,125000,Печерський,lun
185,4,1450000,Шевченківський,lun
70,2,250000,Печерський,lun
167,3,290000,Солдатська слобідка,lun
60,3,50000,Деснянський,lun
36,1,27500,Деснянський,lun
95,3,99900,Нивки,lun
120,4,100000,Дарницький,lun
146,3,352560,Нижній Печерськ,lun
69,2,120000,Позняки,lun
65,2,120000,Голосіївський,lun
128,3,320000,Печерський,lun
35,1,33350,Харьківський,lun
46,1,46499,Теремки-1,lun
55,2,89000,Шулявка,lun
62,1,210000,Звіринець,lun
160,4,700000,Звіринець,lun
122,3,320000,Звіринець,lun
304,5,3000000,Печерський,lun
92,3,300000,Шевченківський,lun
120,7,80000,Голосіївський,lun
45,2,38500,Дніпровський,lun
90,3,120000,Голосіївський,lun
80,3,300000,Чорна Гора,lun
33,1,41500,Печерський,lun
68,3,88000,Голосіївський,lun
77,2,185000,Кудрявець,lun
40,1,74000,Жуляни,lun
126,4,250000,Шевченківський,lun
120,3,290000,Солдатська слобідка,lun
82,3,120000,Печерський,lun
84,4,69900,Дарницький,lun
63,2,57500,Деснянський,lun
78,2,85000,Святошино,lun
102,3,120000,Подільський,lun
73,2,85000,Дніпровський,lun
320,6,1200000,Печерський,lun
200,4,1200000,Звіринець,lun
96,4,80000,Дніпровський,lun
94,2,85000,Дарницький,lun
43,2,65000,Подільський,lun
49,1,64000,Лівобережний масив,lun
82,3,120000,Голосіїво,lun
45,1,65000,Нова забудова,lun
58,2,51000,Виноградар,lun
31,1,42000,Голосіївський,lun
65,2,50000,Борщагівка,lun
49,1,41500,Нивки,lun
126,3,168000,Лівобережний масив,lun
70,3,64000,Подільський,lun
90,3,103000,Теремки-2,lun
80,2,208000,Чорна Гора,lun
107,4,140000,Олександрівська Слобідка,lun
103,4,187000,Лівобережний масив,lun
45,1,65000,Дніпровський,lun
82,2,275000,Нова забудова,lun
87,3,250000,Печерський,lun
38,1,74000,Кудрявець,lun
50,1,84900,Шевченківський,lun
60,3,80000,Голосіївський,lun
51,1,125000,Черепанова гора,lun
130,5,210000,Голосіївський,lun
168,4,352000,Печерськ,lun
70,2,84500,Деміївка,lun
67,2,85000,Осокорки,lun
187,3,650000,Печерський,lun
33,1,50000,Шевченківський,lun
180,4,880000,Печерськ,lun
50,1,85000,Теремки-2,lun
33,1,65000,Печерський,lun
87,2,290000,Нова забудова,lun
30,1,29200,Олександрівська Слобідка,lun
105,3,89000,Дніпровський,lun
120,4,210000,Подільський,lun
55,1,78500,Дарницький,lun
76,2,114000,Оболонь,lun
85,2,200000,Чорна Гора,lun
87,2,100000,Святошинський,lun
80,2,210000,Нижній Печерськ,lun
170,4,467500,Чорна Гора,lun
50,2,200000,Чорна Гора,lun
70,2,250000,Печерський,lun
30,1,85000,Подільський,lun
101,2,160500,Печерськ,lun
90,3,105000,Лівобережний масив,lun
108,3,140000,Голосіївський,lun
37,1,51500,Печерський,lun
81,2,96000,Осокорки,lun
87,2,320000,Чорна Гора,lun
37,1,46000,Святошинський,lun
90,3,94000,Святошино,lun
55,2,99900,Печерський,lun
67,2,66000,Троєщина,lun
200,5,140000,Мінський,lun
73,2,85000,Дніпровський,lun
120,3,650000,Чорна Гора,lun
67,2,43071,Мінський,lun
54,2,65000,Солом'янський,lun
43,1,85000,Солом'янський,lun
54,2,54700,Осокорки,lun
54,1,109000,Солом'янка,lun
50,1,210000,Чорна Гора,lun
182,4,650000,Чорна Гора,lun
62,2,64500,Подільський,lun
300,7,1400000,Голосіївський,lun
150,3,1500000,Липки,lun
74,2,142000,Нова забудова,lun
75,3,65000,Святошинський,lun
43,1,85000,Позняки,lun
55,2,54999,Дарницький,lun
61,3,50000,Деснянський,lun
89,2,175000,Шевченківський,lun
76,3,85000,Шевченківський,lun
73,3,100000,Оболонський,lun
45,1,59900,Поділ,lun
123,3,270000,Оболонський,lun
65,2,100000,Теремки-2,lun
202,8,505250,Чорна Гора,lun
62,2,80000,Подільський,lun
87,3,118000,Мостицький масив,lun
93,5,120000,Святошинський,lun
38,1,65000,Мінський,lun
119,4,320000,Нова забудова,lun
42,1,72000,Солом'янський,lun
92,3,134000,Осокорки,lun
37,1,34500,Деснянський,lun
185,3,260000,Шевченківський,lun
46,1,46500,Виноградар,lun
48,1,120000,Нова забудова,lun
73,2,85000,Дніпровський,lun
43,1,50000,Голосіївський,lun
34,1,46000,Оболонський,lun
295,4,2000000,Печерськ,lun
37,1,27000,Теремки-1,lun
40,1,100000,Голосіївський,lun
55,2,105000,Теремки-2,lun
104,2,271960,Деміївка,lun
65,2,59900,Виноградар,lun
80,3,103000,Святошинський,lun
79,2,215000,Печерськ,lun
101,2,160500,Печерськ,lun
108,3,300000,Солом'янка,lun
68,3,65000,Подільський,lun
86,2,270000,Чорна Гора,lun
47,1,51000,Дніпровський,lun
68,3,72000,Оболонський,lun
195,3,1450000,Печерський,lun
104,3,206000,Деміївка,lun
48,2,58800,Оболонський,lun
47,2,109000,Нова забудова,lun
187,4,300000,Печерський,lun
120,3,375000,Нова забудова,lun
610,9,850000,Шевченківський,lun
76,3,140000,Голосіївський,lun
62,1,185000,Чорна Гора,lun
51,2,42000,Деснянський,lun
87,3,85000,Дарницький,lun
81,2,100000,Позняки,lun
37,1,46000,Голосіїво,lun
62,2,120000,Шевченківський,lun
105,3,375000,Нова забудова,lun
36,1,42000,Оболонський,lun
73,2,85000,Дніпровський,lun
74,3,100000,Святошинський,lun
61,1,41600,Куренівка,lun
50,1,138000,Чорна Гора,lun
51,2,42000,Дніпровський,lun
87,3,120000,Мінський,lun
75,2,67785,Дніпровський,lun
46,1,42125,Дніпровський,lun
77,2,183000,Нижній Печерськ,lun
52,1,72000,Голосіївський,lun
37,1,48500,Дарницький,lun
73,2,100000,Соцмісто,lun
78,2,117592,КПІ,lun
202,5,270000,Голосіївський,lun
60,1,140000,Чорна Гора,lun
98,2,300000,Шевченківський,lun
75,2,68900,Микільська Слобідка,lun
32,1,36500,Деснянський,lun
45,1,50000,Святошинський,lun
72,2,159400,Черепанова гора,lun
300,4,275000,Дніпровський,lun
57,2,85000,Печерський,lun
46,1,65000,Дніпровський,lun
62,2,72000,Микільська Слобідка,lun
200,4,1200000,Липки,lun
45,2,50000,Оболонський,lun
70,2,100000,Голосіїво,lun
118,4,195500,Шевченківський,lun
100,3,210000,Печерський,lun
100,4,299000,Голосіївський,lun
46,1,74000,Лівобережний масив,lun
100,3,300000,Печерський,lun
30,1,34000,Подільський,lun
84,2,168000,Печерськ,lun
178,4,850000,Нижній Печерськ,lun
95,2,142050,Солом'янка,lun
407,7,1036702,Печерськ,lun
52,2,70000,Шевченківський,lun
54,1,81377,Печерський,lun
46,1,63000,Мінський,lun
82,3,130000,Соцмісто,lun
49,2,49000,Дніпровський,lun
250,4,825000,Печерський,lun
140,4,199000,Шевченківський,lun
140,4,160000,Дарницький,lun
68,2,62142,Дніпровський,lun
85,2,329000,Позняки,lun
126,3,112000,Лівобережний масив,lun
37,1,49000,Воскресенка,lun
94,3,66428,Мостицький масив,lun
119,4,195000,Печерський,lun
63,2,130000,Шевченківський,lun
27,1,29999,Солом'янський,lun
45,1,75000,Дарницький,lun
42,1,59000,Солом'янський,lun
50,2,76000,Дарницький,lun
130,3,189000,Шевченківський,lun
46,1,130000,Нижній Печерськ,lun
91,3,60000,Позняки,lun
46,1,63000,Дніпровський,lun
137,4,180000,Кудрявець,lun
174,4,400000,Шевченківський,lun
60,2,60000,Замковище,lun
100,4,150000,Шевченківський,lun
88,4,73000,Дарницький,lun
220,4,1600000,Липки,lun
131,4,180000,Нова забудова,lun
24,1,17500,Мінський,lun
21,1,40000,Дніпровський,lun
127,3,215215,Шулявка,lun
142,4,180000,Осокорки,lun
115,4,345000,Шевченківський,lun
25,1,33000,Солом'янський,lun
105,3,130000,Дарницький,lun
45,1,75000,Солом'янський,lun
55,2,75000,Солом'янський,lun
47,2,59000,Шевченківський,lun
53,1,195000,Чорна Гора,lun
39,1,40000,Подільський,lun
61,3,49000,Дніпровський,lun
79,3,55500,Подільський,lun
52,2,44500,Деснянський,lun
200,5,199000,Дарницький,lun
43,1,69000,Соцмісто,lun
94,2,283500,Голосіївський,lun
104,2,180000,Печерський,lun
78,2,78700,Голосіївський,lun
99,3,139500,Звіринець,lun
223,4,550000,Шевченківський,lun
43,1,53700,Осокорки,lun
32,1,75000,Печерський,lun
80,3,196000,Печерський,lun
47,1,97000,Шулявка,lun
38,1,75000,Голосіївський,lun
111,3,130000,Дарницький,lun
47,1,60000,Нивки,lun
37,1,75000,Голосіїво,lun
40,1,67000,Дніпровський,lun
61,2,69000,Дарницький,lun
103,3,112000,Голосіївський,lun
31,1,37000,Солом'янський,lun
131,4,265000,Печерський,lun
70,3,49000,Деснянський,lun
29,1,33000,Дніпровський,lun
69,3,73000,Подільський,lun
65,3,75000,Оболонський,lun
58,3,61000,Оболонський,lun
48,2,60000,Подільський,lun
80,2,199000,Голосіївський,lun
167,4,265000,Голосіївський,lun
42,1,49000,Дарницький,lun
116,3,256000,Печерський,lun
55,2,74900,Святошинський,lun
72,2,73000,Троєщина,lun
79,2,150000,Солом'янка,lun
78,2,57000,Оболонський,lun
82,3,75000,Біличі,lun
55,2,70000,Печерський,lun
57,2,57000,Теремки-1,lun
105,7,280000,Печерський,lun
168,1,1596000,Печерськ,lun
58,2,96999,Печерський,lun
96,2,150570,Нижній Печерськ,lun
68,3,130000,Голосіївський,lun
74,3,98500,Шевченківський,lun
45,1,53000,Позняки,lun
118,3,149999,Борщагівка,lun
157,4,325000,Оболонь,lun
129,3,144000,Печерський,lun
116,3,348000,Позняки,lun
42,1,53000,Нова Дарниця,lun
30,1,23928,Воскресенка,lun
49,1,58035,Подільський,lun
52,2,86000,Шулявка,lun
36,1,53000,Осокорки,lun
120,3,180000,Оболонський,lun
70,2,104000,Голосіїво,lun
47,1,91260,Печерський,lun
33,1,61000,Солом'янка,lun
37,1,49000,Поділ,lun
60,2,61000,Замковище,lun
67,2,99000,Позняки,lun
49,2,49000,Дніпровський,lun
55,2,61000,Деснянський,lun
76,3,99000,Голосіївський,lun
105,3,130000,Дарницький,lun
82,3,160000,Нова забудова,lun
27,1,29999,Солом'янський,lun
41,2,35999,Оболонський,lun
44,1,89900,Позняки,lun
208,4,1480000,Печерський,lun
104,3,254000,Теремки-2,lun
78,2,78700,Голосіївський,lun
76,2,148000,Позняки,lun
200,4,294000,Нова забудова,lun
55,2,130000,Нова забудова,lun
98,3,62500,Троєщина,lun
55,2,89900,Голосіївський,lun
71,3,65700,Голосіївський,lun
93,3,104000,КПІ,lun
30,1,37000,Шевченківський,lun
70,3,49000,Деснянський,lun
90,2,158000,Оболонський,lun
93,3,68000,Шевченківський,lun
67,3,56000,Подільський,lun
58,2,70000,Шевченківський,lun
122,3,130000,Позняки,lun
76,2,191500,Нижній Печерськ,lun
72,3,130000,Голосіївський,lun
115,3,180000,Теремки-2,lun
55,2,68000,Святошинський,lun
115,3,54997,Дарницький,lun
55,2,53000,Солом'янський,lun
116,3,196000,Рибальський острів,lun
74,3,70000,Оболонський,lun
78,2,57000,Оболонський,lun
33,1,49500,Позняки,lun
75,3,75000,Дарницький,lun
30,1,23928,Воскресенка,lun
132,2,160000,Печерський,lun
112,3,70000,Мостицький масив,lun
79,3,130800,Голосіїво,lun
61,3,76000,Шевченківський,lun
157,3,550000,Печерський,lun
200,6,168900,Святошинський,lun
62,2,70000,Оболонський,lun
71,2,58900,Святошинський,lun
86,4,70000,Святошинський,lun
78,3,70000,Оболонь,lun
55,2,107000,Лівобережний масив,lun
82,3,265000,Нова забудова,lun
60,1,280000,Печерськ,lun
76,3,67000,Дніпровський,lun
47,1,75000,Теремки-2,lun
45,1,68000,Осокорки,lun
56,1,180000,Нова забудова,lun
148,4,325000,Голосіїво,lun
148,3,449000,Шевченківський,lun
46,2,36000,Оболонський,lun
83,2,180000,Печерський,lun
72,2,98000,Голосіївський,lun
109,3,294300,Нижній Печерськ,lun
61,4,57000,Оболонський,lun
116,3,199999,Нижній Печерськ,lun
39,1,60000,Дарницький,lun
63,2,54329,Дніпровський,lun
48,2,150000,Голосіївський,lun
85,3,130000,Шевченківський,lun
62,2,220000,Звіринець,lun
45,2,40000,Дніпровський,lun
46,2,60000,Дніпровський,lun
93,3,108000,Лівобережний масив,lun
72,2,107000,Оболонь,lun
70,3,84000,Голосіївський,lun
58,3,61000,Оболонський,lun
94,3,160000,Дарницький,lun
41,1,37678,Солом'янський,lun
38,1,75000,Шевченківський,lun
335,5,1950000,Печерський,lun
116,3,180000,Оболонь,lun
53,2,53000,Голосіївський,lun
89,3,259000,Нижній Печерськ,lun
86,2,136000,Поділ,lun
43,1,35500,Осокорки,lun
99,4,160000,Голосіївський,lun
170,5,138800,Голосіївський,lun
44,2,49500,Оболонський,lun
48,1,40000,Осокорки,lun
25,1,33000,Солом'янський,lun
83,2,180000,Печерський,lun
62,3,63000,Оболонський,lun
149,3,525000,Оболонь,lun
67,2,87700,Сирець,lun
43,1,68000,Позняки,lun
48,1,57000,Троєщина,lun
42,2,37000,Дніпровський,lun
53,2,150000,Шевченківський,lun
55,2,70000,Печерський,lun
60,3,86000,Шевченківський,lun
111,3,147000,Шевченківський,lun
72,2,160000,Голосіївський,lun
103,3,97000,Дарницький,lun
50,2,53000,Деснянський,lun
46,1,130000,Нижній Печерськ,lun
22,1,30000,Шевченківський,lun
79,3,56000,Деснянський,lun
126,3,400000,Черепанова гора,lun
58,3,68000,Печерський,lun
237,4,1600000,Печерський,lun
125,3,99000,Дарницький,lun
45,2,39600,Дарницький,lun
94,3,160000,Дарницький,lun
45,1,78900,Виноградар,lun
33,1,38000,Дарницький,lun
122,3,165645,Шевченківський,lun
71,2,60000,Голосіївський,lun
45,2,53000,Голосіївський,lun
43,1,75000,Позняки,lun
22,1,35500,Подільський,lun
30,1,70000,Нивки,lun
41,1,70000,Соцмісто,lun
47,1,130000,Чорна Гора,lun
105,3,160000,Виноградар,lun
62,2,60000,Солом'янський,lun
72,3,70000,Оболонський,lun
65,2,76000,Голосіївський,lun
68,3,60000,Подільський,lun
70,2,60000,Голосіївський,lun
65,2,195000,Деміївка,lun
48,1,61000,Осокорки,lun
156,4,480000,Подільський,lun
163,4,280000,Оболонь,lun
95,3,81000,Дарницький,lun
68,2,130000,Шулявка,lun
104,2,60000,Дарницький,lun
75,2,107000,Теремки-2,lun
106,3,180000,Звіринець,lun
33,1,44500,Дачі Осокорки,lun
65,2,49000,Теремки-1,lun
128,4,199000,Дніпровський,lun
80,2,167000,Печерський,lun
50,2,57000,Дніпровський,lun
220,4,550000,Печерський,lun
67,2,85424,Печерський,lun
48,1,43500,Виноградар,lun
70,1,89700,Дарницький,lun
126,4,470000,Нова забудова,lun
97,3,97000,Теремки-1,lun
47,2,73000,Печерський,lun
70,3,64900,Подільський,lun
67,2,55172,Дарницький,lun
55,2,74900,Святошинський,lun
52,2,69800,Солом'янський,lun
62,2,46657,Березняки,lun
97,3,130000,Позняки,lun
76,2,191500,Нижній Печерськ,lun
47,2,73000,Печерський,lun
86,2,107000,Шевченківський,lun
94,3,97000,Дніпровський,lun
65,2,63000,Виноградар,lun
94,4,75000,Дніпровський,lun
61,3,150000,Позняки,lun
45,2,36399,Дніпровський,lun
76,3,158000,Позняки,lun
103,3,112000,Голосіївський,lun
125,3,372000,Чорна Гора,lun
186,5,456000,Печерськ,lun
50,2,75000,Дніпровський,lun
147,4,209000,Шевченківський,lun
63,3,64990,Голосіївський,lun
46,2,59000,Дніпровський,lun
106,3,160000,Голосіївський,lun
107,3,180000,Солдатська слобідка,lun
49,2,57000,Оболонський,lun
71,2,111000,Солом'янка,lun
100,2,220000,Нижній Печерськ,lun
130,4,295000,Печерськ,lun
160,3,595000,Чорна Гора,lun
100,3,98000,Позняки,lun
50,2,84000,Позняки,lun
68,3,56000,Святошинський,lun
83,2,104000,Лук'янівка,lun
43,1,33000,Дарницький,lun
77,2,143000,Оболонь,lun
65,2,265000,Звіринець,lun
133,5,168900,Печерський,lun
53,1,73000,Шевченківський,lun
90,2,158000,Оболонський,lun
36,1,33000,Осокорки,lun
235,4,2100000,Печерський,lun
34,1,67999,Шулявка,lun
43,1,32250,Голосіївський,lun
76,2,179000,Оболонь,lun
55,2,86000,Печерський,lun
490,8,4400000,Печерський,lun
82,2,180000,Позняки,lun
52,1,53000,Мінський,lun
86,3,52785,Відрадний,lun
72,3,63999,Святошинський,lun
115,3,254000,Чорна Гора,lun
35,1,57000,Подільський,lun
27,1,43500,Голосіївський,lun
38,1,59000,Дарницький,lun
55,1,245000,Нижній Печерськ,lun
43,1,30000,Теремки-1,lun
79,2,111000,Нивки,lun
37,1,38000,Виноградар,lun
90,2,220000,Деміївка,lun
55,2,68000,Святошинський,lun
40,1,40000,Деснянський,lun
104,3,220000,Нижній Печерськ,lun
55,1,70000,Позняки,lun
94,3,167500,Нова забудова,lun
43,1,70000,Феофанія,lun
98,4,143000,Соцмісто,lun
76,3,199000,Печерський,lun
82,3,132000,Рибальський острів,lun
42,2,40000,Голосіївський,lun
84,4,212000,Оболонський,lun
41,1,59000,Голосіївський,lun
68,3,97000,Дніпровський,lun
71,2,150000,Печерський,lun
40,1,36988,Нивки,lun
43,1,67000,Замковище,lun
81,3,160000,Подільський,lun
40,1,38000,Виноградар,lun
62,3,57000,Дніпровський,lun
50,2,158000,Шевченківський,lun
55,1,104000,Північно-Броварський (Комсомольський),lun
21,1,37000,Теремки-1,lun
38,1,75000,Голосіївський,lun
220,4,530000,Шевченківський,lun
45,1,60000,Дарницький,lun
70,2,70000,Караваєві Дачі,lun
50,2,101000,Печерський,lun
32,1,40000,Феофанія,lun
68,2,62142,Дніпровський,lun
67,2,245000,Нижній Печерськ,lun
79,2,150000,Голосіїво,lun
51,2,53000,Подільський,lun
62,2,56000,Микільська Слобідка,lun
50,1,67000,Позняки,lun
40,1,40000,Олександрівська Слобідка,lun
47,2,43500,Дніпровський,lun
114,3,143000,Дарницький,lun
40,1,86000,Позняки,lun
72,2,79999,Дарницький,lun
110,3,99000,Деснянський,lun
68,3,59000,Дарницький,lun
82,3,69700,Дніпровський,lun
60,2,104000,Оболонь,lun
74,3,70000,Дарницький,lun
200,4,294000,Нова забудова,lun
116,3,170500,Печерський,lun
82,3,265000,Нова забудова,lun
95,3,160000,Шевченківський,lun
149,3,525000,Оболонь,lun
194,7,220000,Теремки-2,lun
97,3,75000,Деснянський,lun
70,2,179000,Нижній Печерськ,lun
60,2,70000,Святошинський,lun
49,2,39800,Деснянський,lun
133,3,240000,Нижній Печерськ,lun
45,1,53000,Теремки-1,lun
82,3,69700,Дніпровський,lun
94,3,130000,Микільська Слобідка,lun
50,1,55500,Дніпровський,lun
33,1,68000,Солом'янський,lun
59,1,56000,Деснянський,lun
46,1,63000,Дніпровський,lun
41,1,70000,Соцмісто,lun
79,2,160000,Лівобережний масив,lun
200,4,699000,Шевченківський,lun
43,2,75000,Мінський,lun
70,1,98000,Деміївка,lun
146,3,390000,Печерський,lun
132,3,520000,Нижній Печерськ,lun
92,3,75000,Деснянський,lun
126,3,400000,Черепанова гора,lun
64,3,60000,Святошинський,lun
82,4,70000,Дарницький,lun
68,2,59750,Дніпровський,lun
50,1,220000,Чорна Гора,lun
74,3,63000,Дарницький,lun
198,4,595000,Печерськ,lun
37,1,30535,Мінський,lun
36,1,59000,Оболонь,lun
145,4,296525,Лівобережний масив,lun
93,3,104000,КПІ,lun
118,3,259908,Голосіївський,lun
55,1,143000,Голосіївський,lun
53,2,86000,Шевченківський,lun
68,1,54600,Нивки,lun
62,3,57000,Голосіївський,lun
108,3,108000,Дарницький,lun
128,3,307440,Нижній Печерськ,lun
38,1,38000,Дніпровський,lun
73,3,75000,Оболонський,lun
41,1,37678,Солом'янський,lun
80,2,76000,Мінський,lun
71,2,63000,Солом'янський,lun
63,2,130000,Шевченківський,lun
55,1,143000,Печерськ,lun
76,2,107000,Рибальський острів,lun
32,1,75000,Печерський,lun
90,2,240000,Лівобережний масив,lun
41,2,68000,Соцмісто,lun
60,3,57000,Дніпровський,lun
70,2,99000,Солом'янський,lun
133,3,240000,Нижній Печерськ,lun
80,2,158000,Печерський,lun
36,1,44400,Подільський,lun
97,3,119500,Теремки-2,lun
31,1,70000,Оболонь,lun
100,3,289000,Печерський,lun
40,1,99000,Нова забудова,lun
95,3,73000,Мостицький масив,lun
55,2,130000,Нова забудова,lun
29,1,43600,Теремки-1,lun
70,2,66950,Дарницький,lun
116,3,170500,Печерський,lun
34,1,37000,Дніпровський,lun
64,2,143000,Голосіївський,lun
110,3,220000,Дніпровський,lun
48,2,73000,Дарницький,lun
46,1,42107,Дніпровський,lun
48,2,73000,Оболонський,lun
46,2,36000,Дніпровський,lun
64,2,84000,Замковище,lun
57,1,88900,Шевченківський,lun
38,1,38000,Пріорка,lun
82,3,289000,Печерський,lun
69,2,70000,Дарницький,lun
43,1,34200,Осокорки,lun
37,1,25000,Осокорки,lun
60,2,48410,Осокорки,lun
44,1,74900,Сирець,lun
64,2,53000,Відрадний,lun
70,3,60000,Оболонський,lun
85,3,42500,Осокорки,lun
98,2,304464,Голосіївський,lun
70,2,180000,Печерський,lun
96,4,81000,Святошинський,lun
85,2,212000,Чорна Гора,lun
64,2,108000,Голосіївський,lun
47,1,75000,Теремки-2,lun
180,4,480000,Солом'янка,lun
79,3,67708,Солом'янський,lun
30,1,25000,Деміївка,lun
34,1,67000,Шулявка,lun
40,1,53000,Дарницький,lun
40,1,67000,Дніпровський,lun
82,3,60000,Голосіївський,lun
76,2,148000,Позняки,lun
37,1,21000,Теремки-1,lun
141,4,195000,Дарницький,lun
135,3,195000,Чорна Гора,lun
32,1,38000,Микільська Слобідка,lun
31,1,30000,Солом'янський,lun
180,4,515000,Печерський,lun
69,2,180000,Нижній Печерськ,lun
48,2,60000,Подільський,lun
153,3,370000,Чорна Гора,lun
50,1,75000,Солом'янський,lun
149,3,525000,Оболонь,lun
117,3,245000,Печерський,lun
130,3,195000,Печерський,lun
128,3,415000,Печерський,lun
129,1,313072,Нова забудова,lun
62,2,220000,Звіринець,lun
61,2,104000,Оболонь,lun
128,3,380000,Печерський,lun
98,4,99000,Дніпровський,lun
50,2,132000,Позняки,lun
28,1,40000,Жуляни,lun
350,5,409000,Оболонський,lun
57,2,99000,Печерський,lun
52,2,98000,Солом'янка,lun
140,3,550000,Чорна Гора,lun
75,3,130000,Печерський,lun
82,3,160000,Нова забудова,lun
95,2,78035,Дачі Осокорки,lun
60,2,108000,Мостицький масив,lun
74,3,73000,Голосіївський,lun
94,3,195000,Солом'янка,lun
157,4,325000,Оболонь,lun
34,1,69000,Солом'янський,lun
78,3,75000,Голосіївський,lun
124,3,209000,Нова забудова,lun
39,1,36000,Деснянський,lun
104,3,150000,Позняки,lun
80,2,240000,Нова забудова,lun
147,3,550000,Чорна Гора,lun
78,3,97000,Відрадний,lun
58,1,70000,Позняки,lun
34,1,68000,Святошинський,lun
36,1,56000,Голосіїво,lun
54,1,36700,Куренівка,lun
100,2,220000,Нижній Печерськ,lun
107,3,265000,Солом'янський,lun
96,3,107000,Дарницький,lun
75,3,75000,Дніпровський,lun
55,2,70000,Печерський,lun
52,1,76000,Дарницький,lun
40,1,37000,Солом'янський,lun
44,2,37000,Деснянський,lun
71,2,220000,Нова забудова,lun
140,3,160000,Дарницький,lun
120,3,400000,Чорна Гора,lun
90,2,189000,Теремки-2,lun
85,2,370000,Чорна Гора,lun
43,1,33000,Позняки,lun
47,1,78430,Кудрявець,lun
145,4,550000,Печерський,lun
102,3,130000,Шевченківський,lun
141,4,130000,Деміївка,lun
50,1,85900,Мостицький масив,lun
84,2,207880,Чорна Гора,lun
69,3,75000,Шевченківський,lun
33,1,33500,Оболонський,lun
56,2,97000,Микільська Слобідка,lun
22,1,33500,Солом'янський,lun
31,1,60000,Соцмісто,lun
81,3,99400,Кадетський Гай,lun
65,2,84000,Деміївка,lun
89,3,75000,Дніпровський,lun
34,1,59000,Солом'янський,lun
54,1,113400,Голосіївський,lun
46,1,73000,Голосіїво,lun
50,1,150000,Печерський,lun
98,3,63000,Оболонський,lun
60,2,112000,Теремки-2,lun
64,2,180000,Шевченківський,lun
61,2,70000,Голосіївський,lun
55,2,86000,Печерський,lun
59,2,70000,Печерський,lun
123,4,180000,Голосіїво,lun
93,4,60000,Дніпровський,lun
62,2,97000,Соцмісто,lun
46,1,33000,Позняки,lun
77,2,160000,Теремки-2,lun
60,2,48410,Осокорки,lun
30,1,36000,Дніпровський,lun
53,1,76000,Шевченківський,lun
120,3,160000,Дарницький,lun
47,1,55300,Дніпровський,lun
35,1,40000,Феофанія,lun
61,1,179000,Нова забудова,lun
132,2,160000,Печерський,lun
86,2,147000,Дарницький,lun
63,1,150000,Нижній Печерськ,lun
85,2,150000,Нижній Печерськ,lun
42,2,37000,Дніпровський,lun
103,3,158000,Дніпровський,lun
62,3,57000,Дніпровський,lun
51,2,57000,Святошинський,lun
84,2,139900,Вітряні Гори,lun
57,1,84000,Нивки,lun
74,2,73000,Дарницький,lun
48,1,49000,Дніпровський,lun
65,2,57000,Дарницький,lun
71,3,75000,Шевченківський,lun
78,2,134997,Дарницький,lun
116,3,180000,Дарницький,lun
120,5,240000,Шевченківський,lun
37,1,57000,Осокорки,lun
74,3,63000,Дарницький,lun
107,3,195000,Шевченківський,lun
62,2,76000,Жуляни,lun
170,4,339000,Шевченківський,lun
72,2,60000,Виноградар,lun
42,1,73000,Оболонь,lun
51,2,53800,Подільський,lun
39,1,35700,Деснянський,lun
71,2,150000,Печерський,lun
41,1,36000,Солом'янський,lun
72,3,60000,Дніпровський,lun
71,1,179000,Чорна Гора,lun
120,3,380000,Шулявка,lun
47,1,77500,Солом'янка,lun
24,1,29900,Жуляни,lun
46,1,43500,Дніпровський,lun
41,1,70000,Соцмісто,lun
95,3,67800,Мостицький масив,lun
78,3,73000,Сирець,lun
95,3,69000,Мостицький масив,lun
62,3,62500,Святошинський,lun
73,3,59000,Деснянський,lun
44,2,40000,Солом'янський,lun
82,2,215020,Печерський,lun
115,3,180000,Теремки-2,lun
98,3,179000,Шевченківський,lun
30,1,53000,Солом'янський,lun
42,1,56000,Феофанія,lun
76,3,199000,Печерський,lun
30,1,40000,Шевченківський,lun
40,1,40000,Деснянський,lun
63,2,73000,Феофанія,lun
41,1,36000,Солом'янський,lun
105,2,160000,Нова Дарниця,lun
90,4,130000,Оболонський,lun
90,2,189000,Теремки-2,lun
95,3,380000,Нова забудова,lun
82,3,63000,Теремки-1,lun
56,3,84000,Шевченківський,lun
100,4,240000,Солом'янка,lun
92,4,111999,Осокорки,lun
66,3,76000,Дніпровський,lun
98,2,167110,Голосіївський,lun
97,2,16005000,Деміївка,lun
73,2,112000,Солом'янка,lun
67,2,77500,Голосіїво,lun
46,1,75000,Подільський,lun
33,1,75500,Шулявка,lun
140,4,150000,Дніпровський,lun
50,1,60000,Голосіївський,lun
43,1,60000,Дарницький,lun
125,4,520000,Чорна Гора,lun
41,1,57000,Теремки-1,lun
54,2,179000,Нова забудова,lun
107,3,158798,Черепанова гора,lun
67,2,70000,Шевченківський,lun
34,1,60000,Оболонський,lun
80,3,111000,Троєщина,lun
419,5,1403650,Чорна Гора,lun
55,2,89900,Голосіївський,lun
48,2,40990,Деснянський,lun
65,2,70000,Подільський,lun
70,3,49000,Деснянський,lun
189,3,400000,Печерський,lun
90,3,98000,Дарницький,lun
102,1,220000,Оболонь,lun
72,3,84000,Подільський,lun
58,1,70000,Позняки,lun
56,3,60000,Солом'янський,lun
63,3,75000,Оболонський,lun
131,4,179000,Феофанія,lun
79,4,75000,Солом'янський,lun
69,3,70000,Подільський,lun
67,3,75000,Шевченківський,lun
117,3,259000,Печерський,lun
83,3,160000,Вітряні Гори,lun
46,1,57000,Позняки,lun
85,2,220000,Нижній Печерськ,lun
148,4,325000,Голосіїво,lun
65,3,70000,Солом'янський,lun
82,4,98000,Солом'янський,lun
142,4,180000,Осокорки,lun
132,4,269000,Деміївка,lun
72,3,130000,Печерський,lun
52,1,93999,Нижній Печерськ,lun
110,3,188000,Солом'янка,lun
49,2,39800,Деснянський,lun
37,1,33000,Деснянський,lun
84,3,60000,Осокорки,lun
70,2,149999,Печерський,lun
61,3,150000,Позняки,lun
36,1,68000,Голосіївський,lun
74,3,56000,Деснянський,lun
84,3,139900,Голосіївський,lun
32,1,49000,Мінський,lun
60,2,70000,Святошинський,lun
93,3,370000,Нижній Печерськ,lun
96,3,380000,Нова забудова,lun
36,1,30200,Солом'янський,lun
19,1,21000,Солом'янський,lun
61,3,150000,Позняки,lun
62,2,70000,Оболонський,lun
71,3,240000,Печерський,lun
78,2,150000,Голосіїво,lun
51,2,43357,Жуляни,lun
27,1,36000,Оболонський,lun
59,3,49000,Дніпровський,lun
83,3,60000,Деснянський,lun
83,2,180000,Печерський,lun
117,4,199000,Печерський,lun
96,4,86000,Дарницький,lun
60,3,86000,Шевченківський,lun
103,2,130000,Чорна Гора,lun
115,3,530000,Чорна Гора,lun
78,2,56000,Оболонський,lun
84,4,68000,Деснянський,lun
57,1,63000,Дніпровський,lun
40,1,70000,Шевченківський,lun
175,3,195000,Дарницький,lun
147,3,111000,Солом'янський,lun
52,2,97000,Дніпровський,lun
40,1,67000,Дніпровський,lun
142,3,395000,Шевченківський,lun
84,3,60000,Осокорки,lun
125,3,99000,Дарницький,lun
130,4,440000,Чорна Гора,lun
79,3,148000,Виноградар,lun
45,2,40000,Солом'янський,lun
50,1,78900,Дарницький,lun
60,3,86000,Шевченківський,lun
52,2,160000,Печерський,lun
62,2,73000,Голосіїво,lun
38,1,29700,Позняки,lun
50,2,130000,Шевченківський,lun
89,3,259000,Нижній Печерськ,lun
61,4,57000,Оболонський,lun
86,2,136000,Поділ,lun
203,5,214047,Теремки-1,lun
73,3,150000,Оболонь,lun
54,2,75000,Біличі,lun
60,1,280000,Печерськ,lun
130,4,440000,Чорна Гора,lun
22,1,40000,Дніпровський,lun
79,3,108000,Голосіїво,lun
109,3,370000,Шевченківський,lun
65,3,57000,Солом'янський,lun
81,3,160000,Подільський,lun
45,1,63000,Голосіїво,lun
65,2,112000,Теремки,lun
75,3,130000,Печерський,lun
62,2,240000,Чорна Гора,lun
72,2,98000,Шулявка,lun
43,1,70000,Осокорки,lun
37,1,67000,Осокорки,lun
86,3,124299,Шулявка,lun
121,3,180000,Шевченківський,lun
62,2,76000,Голосіївський,lun
62,2,60000,Солом'янський,lun
76,3,130000,Мінський,lun
52,1,70000,Дарницький,lun
117,4,67000,Голосіївський,lun
54,2,75000,Солом'янський,lun
56,2,49500,Сирець,lun
47,1,75000,Подільський,lun
45,1,53000,Позняки,lun
60,2,99000,Шевченківський,lun
61,1,130000,Шевченківський,lun
58,2,65737,Голосіївський,lun
46,1,42857,Дніпровський,lun
70,2,149999,Печерський,lun
55,2,53000,Лук'янівка,lun
65,2,70000,Подільський,lun
43,2,57000,Дніпровський,lun
165,4,390000,Оболонь,lun
75,3,99000,Святошинський,lun
82,2,130000,Святошинський,lun
63,2,75000,Шевченківський,lun
66,2,99000,Солом'янка,lun
153,3,370000,Чорна Гора,lun
60,2,179000,Шевченківський,lun
76,3,150000,Печерський,lun
65,3,63000,Голосіївський,lun
220,4,550000,Печерський,lun
60,2,75000,Шевченківський,lun
54,2,75000,Дарницький,lun
70,2,99000,Солом'янка,lun
82,3,60000,Голосіївський,lun
68,2,67000,Шулявка,lun
51,1,69000,Позняки,lun
72,3,58500,Дарницький,lun
45,1,59000,Північно-Броварський (Комсомольський),lun
42,1,180000,Нова забудова,lun
95,3,96515,Теремки-1,lun
60,1,74900,Дарницький,lun
150,5,390000,Печерський,lun
79,3,63000,Олександрівська Слобідка,lun
195,3,147000,Солом'янка,lun
100,3,149999,Печерський,lun
145,3,240000,Нова забудова,lun
62,2,80600,Шевченківський,lun
31,1,40000,Святошинський,lun
73,2,60000,Теремки-1,lun
162,4,130000,Дарницький,lun
56,3,40000,Дніпровський,lun
103,3,395000,Звіринець,lun
130,3,189000,Шевченківський,lun
76,2,75000,Позняки,lun
42,1,40000,Дарницький,lun
109,2,130000,Солом'янський,lun
46,1,70000,Нивки,lun
92,3,130000,Голосіївський,lun
90,3,104000,Лівобережний масив,lun
30,1,37990,Микільська Слобідка,lun
45,1,64900,Микільська Слобідка,lun
43,1,70000,Осокорки,lun
53,2,40000,Дарницький,lun
97,2,124842,Верхня Теличка,lun
82,3,56000,Теремки-1,lun
40,1,76000,Солом'янський,lun
45,2,37000,Дніпровський,lun
40,1,88900,Печерський,lun
49,2,160000,Солдатська слобідка,lun
82,2,145200,Звіринець,lun
48,1,62500,Деміївка,lun
55,2,49000,Дніпровський,lun
62,3,73000,Голосіївський,lun
56,2,63000,Шевченківський,lun
101,3,240000,Печерський,lun
57,1,124000,Печерськ,lun
46,2,47500,Дніпровський,lun
60,2,70000,Святошинський,lun
98,3,104000,Шевченківський,lun
55,2,69000,Дарницький,lun
106,3,180000,Звіринець,lun
62,3,60000,Святошинський,lun
127,3,325000,Деміївка,lun
47,1,64237,Рибальський острів,lun
490,8,4400000,Печерський,lun
56,1,120452,Звіринець,lun
40,1,70000,Осокорки,lun
43,1,33000,Дарницький,lun
119,4,295000,Шевченківський,lun
35,1,63000,Соцмісто,lun
85,3,108000,Святошино,lun
34,1,75500,Печерський,lun
32,1,38000,Оболонський,lun
94,3,345000,Деміївка,lun
76,3,199000,Печерський,lun
97,3,160000,Дарницький,lun
46,2,57000,Дніпровський,lun
71,3,70000,Голосіївський,lun
47,1,61000,Нивки,lun
37,1,25000,Харьківський,lun
45,2,40000,Подільський,lun
43,1,158000,Нова забудова,lun
36,1,33000,Теремки-1,lun
47,1,67000,Північно-Броварський (Комсомольський),lun
45,1,69500,Мінський,lun
57,1,104000,Печерськ,lun
74,2,86000,Подільський,lun
123,3,280000,Кудрявець,lun
51,2,67000,Оболонський,lun
91,2,480000,Нижній Печерськ,lun
97,3,119500,Теремки-2,lun
62,3,49980,Дніпровський,lun
32,1,56000,Позняки,lun
39,1,35200,Голосіївський,lun
57,1,76000,Дарницький,lun
80,2,150000,Шевченківський,lun
85,3,99000,Солом'янка,lun
56,1,60000,Дарницький,lun
65,2,59000,Микільська Борщагівка,lun
36,1,52700,Воскресенка,lun
72,3,107000,Подільський,lun
40,1,37000,Солом'янський,lun
50,1,75000,Микільська Слобідка,lun
55,2,55500,Дарницький,lun
43,1,60000,Дарницький,lun
42,1,70000,Сирець,lun
40,1,44500,Голосіївський,lun
73,3,59000,Деснянський,lun
90,3,107000,Феофанія,lun
60,2,79999,Феофанія,lun
46,1,73000,Харьківський,lun
58,2,130000,Шевченківський,lun
69,3,70000,Солом'янський,lun
53,1,97000,Нижній Печерськ,lun
67,2,104430,Печерськ,lun
47,1,130000,Чорна Гора,lun
105,3,107000,Голосіївський,lun
70,2,180000,Печерський,lun
36,1,36000,Деснянський,lun
162,4,130000,Дарницький,lun
62,2,81000,Теремки-1,lun
40,1,32000,Оболонь,lun
59,2,55000,Деснянський,lun
94,3,90000,Теремки-1,lun
80,2,149000,Солом'янка,lun
58,3,55000,Оболонський,lun
68,2,58000,Дарницький,lun
70,2,59500,Нова Дарниця,lun
91,3,137000,Теремки-2,lun
49,2,61500,Оболонський,lun
31,1,32500,Дніпровський,lun
68,2,102000,Солом'янський,lun
49,1,39000,Оболонський,lun
66,3,58000,Оболонський,lun
46,2,79000,Печерський,lun
120,3,169000,Солом'янський,lun
100,3,229000,Печерський,lun
76,3,110000,Замковище,lun
42,1,79000,Печерський,lun
48,2,55000,Дніпровський,lun
108,3,190000,Черепанова гора,lun
130,3,235000,Нижній Печерськ,lun
170,3,255000,Теремки-2,lun
130,3,255000,Печерський,lun
31,1,44000,Солом'янський,lun
70,3,52000,Дарницький,lun
96,2,110000,Олександрівська Слобідка,lun
38,1,48000,Позняки,lun
150,4,350000,Оболонь,lun
38,1,45000,Святошинський,lun
73,3,78000,Солом'янський,lun
57,3,44000,Дніпровський,lun
66,2,45000,Позняки,lun
45,2,48000,Голосіївський,lun
84,3,126000,Рибальський острів,lun
55,2,93000,Печерський,lun
37,1,45000,Оболонський,lun
49,1,39000,Оболонський,lun
36,1,52000,Оболонський,lun
60,2,96428,Рибальський острів,lun
36,1,39000,Подільський,lun
40,1,39000,Феофанія,lun
45,1,102000,Голосіївський,lun
52,1,44999,Солом'янський,lun
118,4,401000,Чорна Гора,lun
138,3,410000,Деміївка,lun
83,2,235000,Печерськ,lun
74,2,81500,Теремки-1,lun
75,3,106000,Святошинський,lun
37,1,33300,Сирець,lun
83,3,90000,Позняки,lun
31,1,44000,Солом'янський,lun
91,2,171000,Голосіївський,lun
56,1,65500,Північно-Броварський (Комсомольський),lun
81,3,139000,Оболонський,lun
91,3,55000,Шевченківський,lun
152,3,360000,Печерський,lun
49,1,35000,Куренівка,lun
36,1,39000,Святошинський,lun
155,1,670000,Нижній Печерськ,lun
45,1,73500,Соцмісто,lun
55,1,110000,Шевченківський,lun
48,2,41000,Деснянський,lun
73,2,115000,Дарницький,lun
63,2,145000,Нижній Печерськ,lun
100,3,450000,Нижній Печерськ,lun
34,1,32000,Святошинський,lun
35,1,35000,Оболонський,lun
127,3,155000,Олександрівська Слобідка,lun
68,3,77000,Дарницький,lun
54,2,90000,Куренівка,lun
56,2,115000,Шевченківський,lun
65,2,169000,Шевченківський,lun
51,2,45000,Дніпровський,lun
115,4,225000,Печерський,lun
130,3,450000,Чорна Гора,lun
110,3,330000,Чорна Гора,lun
45,1,77900,Оболонський,lun
91,2,90000,Голосіївський,lun
70,3,95000,Голосіївський,lun
75,3,64643,Солом'янський,lun
156,4,235000,Дарницький,lun
89,2,166964,Кудрявець,lun
40,2,79000,Голосіївський,lun
38,2,45000,Солом'янський,lun
150,3,404000,Звіринець,lun
68,2,82000,Дарницький,lun
32,1,44000,Оболонський,lun
38,1,52000,Голосіїво,lun
44,1,30964,Борщагівка,lun
31,1,35000,Подільський,lun
91,3,155000,Печерський,lun
33,1,45000,Шевченківський,lun
151,3,305000,Печерський,lun
120,3,510000,Чорна Гора,lun
34,1,41000,Голосіївський,lun
44,2,55000,Солом'янський,lun
51,2,62000,Оболонський,lun
141,3,267900,Печерський,lun
74,3,170000,Кудрявець,lun
120,3,419000,Чорна Гора,lun
73,2,77000,Святошинський,lun
60,1,117058,Печерськ,lun
66,1,109500,Печерськ,lun
87,2,95000,Дніпровський,lun
136,4,155000,Дарницький,lun
116,3,159000,Дарницький,lun
93,3,350000,Печерський,lun
38,1,44000,Святошинський,lun
29,1,39000,Теремки-1,lun
33,1,35000,Голосіївський,lun
102,3,87000,Харьківський,lun
49,2,83500,Сирець,lun
57,1,82600,Шевченківський,lun
68,2,60500,Нова Дарниця,lun
118,4,155000,Дарницький,lun
98,3,95000,Солом'янський,lun
79,3,67150,Харьківський,lun
108,3,177000,Осокорки,lun
82,2,248000,Чорна Гора,lun
132,4,187261,Верхня Теличка,lun
80,2,110000,Шевченківський,lun
105,3,174950,Звіринець,lun
79,2,123000,Шевченківський,lun
54,1,90000,Воскресенка,lun
64,2,82600,Воскресенка,lun
54,1,102890,Подільський,lun
84,3,95000,Печерський,lun
49,1,44000,Святошинський,lun
49,1,58000,Голосіївський,lun
44,2,41000,Шевченківський,lun
44,1,30964,Відрадний,lun
38,1,31200,Олександрівська Слобідка,lun
136,3,319000,Кудрявець,lun
36,1,39000,Подільський,lun
30,1,37500,Солом'янський,lun
73,3,110000,Мостицький масив,lun
64,3,145000,Голосіїво,lun
54,1,87500,Печерськ,lun
58,2,50500,Відрадний,lun
92,3,91000,Виноградар,lun
37,1,26500,Голосіївський,lun
100,3,95000,Дарницький,lun
41,1,55000,Солом'янський,lun
96,3,107460,Дніпровський,lun
34,1,35000,Осокорки,lun
72,2,83000,Лівобережний масив,lun
120,3,288000,Печерський,lun
83,3,126000,Рибальський острів,lun
54,2,135000,Солом'янка,lun
83,3,115000,Голосіївський,lun
100,3,145000,Позняки,lun
41,1,93000,Олександрівська Слобідка,lun
42,1,78000,Голосіїво,lun
73,3,115000,Печерський,lun
50,2,82000,Деміївка,lun
60,2,96428,Рибальський острів,lun
43,1,45000,Деснянський,lun
78,2,96785,Шевченківський,lun
54,1,83000,Мінський,lun
80,3,78000,Солом'янський,lun
110,4,350000,Печерський,lun
90,2,129000,Лівобережний масив,lun
89,2,360000,Нижній Печерськ,lun
43,1,33200,Биківня,lun
44,2,65500,Печерський,lun
30,1,40200,Святошинський,lun
60,1,95000,Теремки-2,lun
67,2,121000,Голосіївський,lun
42,1,135000,Шевченківський,lun
68,3,115000,Голосіїво,lun
60,3,49999,Дніпровський,lun
130,3,360000,Нижній Печерськ,lun
43,1,35000,Дарницький,lun
95,3,102000,Мостицький масив,lun
270,5,756000,Звіринець,lun
71,2,139800,Черепанова гора,lun
51,1,90000,Солом'янка,lun
46,1,83000,Оболонський,lun
61,3,45000,Деснянський,lun
162,4,450000,Солдатська слобідка,lun
122,3,310000,Голосіївський,lun
80,2,149000,Солом'янка,lun
80,2,115000,Дніпровський,lun
153,3,599000,Лівобережний масив,lun
122,1,193000,Нова забудова,lun
83,2,235000,Печерськ,lun
41,1,45000,Подільський,lun
45,1,95000,Ґалаґани,lun
35,1,55000,Оболонський,lun
40,1,115000,Нова забудова,lun
93,3,260400,Печерськ,lun
72,3,83000,Голосіївський,lun
98,3,79000,Дарницький,lun
200,4,740000,Шевченківський,lun
85,2,143300,Звіринець,lun
146,4,248000,Кудрявець,lun
57,1,128000,Печерський,lun
250,4,900000,Позняки,lun
47,1,87000,Солом'янський,lun
40,1,39000,Феофанія,lun
81,2,202000,Нижній Печерськ,lun
33,1,45000,Шевченківський,lun
125,3,129000,Лівобережний масив,lun
191,3,382000,Печерський,lun
140,4,190000,Кудрявець,lun
160,5,155000,Осокорки,lun
35,1,72600,Печерський,lun
79,3,48000,Деснянський,lun
102,3,135000,Святошинський,lun
53,2,79000,Оболонський,lun
139,3,870000,Липки,lun
66,3,55000,Подільський,lun
82,2,110000,Солом'янка,lun
261,4,1900000,Шевченківський,lun
61,2,135000,Голосіївський,lun
74,3,78000,Солом'янський,lun
110,3,139000,Дарницький,lun
83,3,96500,Подільський,lun
40,1,58000,Теремки,lun
42,1,59001,Голосіївський,lun
46,2,44000,Дніпровський,lun
35,1,32000,Деснянський,lun
97,3,93000,Позняки,lun
62,2,42200,Нова Дарниця,lun
102,3,83000,Дарницький,lun
44,2,65500,Печерський,lun
45,1,79000,Солом'янський,lun
85,3,87000,Деснянський,lun
206,4,450000,Голосіївський,lun
52,1,76500,Солом'янський,lun
157,4,410000,Печерський,lun
30,1,24767,Олександрівська Слобідка,lun
112,3,135000,Дарницький,lun
92,3,87000,Троєщина,lun
129,3,506480,Нижній Печерськ,lun
95,3,427500,Нижній Печерськ,lun
58,1,77000,Теремки-1,lun
90,3,230000,Шевченківський,lun
32,1,49900,Печерський,lun
80,3,109900,Жуляни,lun
40,1,115000,Нова забудова,lun
56,3,47000,Святошинський,lun
33,1,45000,Оболонський,lun
125,3,131250,Кадетський Гай,lun
92,2,116392,Звіринець,lun
78,3,190000,Печерський,lun
125,3,129000,Лівобережний масив,lun
87,3,52000,Деснянський,lun
37,1,55000,Шевченківський,lun
86,3,115000,Феофанія,lun
30,1,32000,Святошинський,lun
76,3,249999,Шевченківський,lun
116,3,306000,Чорна Гора,lun
61,3,55000,Шевченківський,lun
146,3,119900,Дарницький,lun
94,3,110000,Печерський,lun
45,2,39500,Солом'янський,lun
34,1,35000,Дарницький,lun
41,1,55000,Теремки,lun
74,2,110000,Нивки,lun
41,1,39285,Олександрівська Слобідка,lun
92,3,129000,Печерський,lun
56,3,47000,Солом'янський,lun
96,4,165000,Печерський,lun
56,2,44642,Воскресенка,lun
36,1,39000,Святошинський,lun
70,2,126000,Нова забудова,lun
52,2,77000,Жуляни,lun
81,3,78000,Дарницький,lun
246,7,369000,Подільський,lun
176,5,230000,Солом'янський,lun
74,2,87000,Подільський,lun
129,2,387000,Голосіївський,lun
32,1,54000,Солом'янка,lun
89,3,110000,Подільський,lun
46,1,83000,Святошино,lun
49,1,90000,Осокорки,lun
65,1,176000,Нижній Печерськ,lun
47,1,87000,Солом'янський,lun
107,3,183428,Черепанова гора,lun
45,2,45000,Солом'янський,lun
48,2,45000,Оболонський,lun
156,3,170000,Північно-Броварський (Комсомольський),lun
112,3,135000,Дарницький,lun
68,2,95000,Шевченківський,lun
68,2,115000,Шулявка,lun
70,2,155000,Деміївка,lun
32,1,52000,Дніпровський,lun
100,3,95000,Солом'янський,lun
64,2,54000,Святошинський,lun
108,3,190000,Голосіївський,lun
43,1,41000,Дарницький,lun
40,1,37500,Олександрівська Слобідка,lun
45,1,47000,Академмістечко,lun
98,3,90000,Мостицький масив,lun
42,1,55000,Дарницький,lun
50,3,83000,Голосіївський,lun
50,1,88500,Печерський,lun
84,3,78000,Дарницький,lun
80,3,193000,Шулявка,lun
136,4,235000,Позняки,lun
153,4,303000,Шевченківський,lun
94,3,170000,Оболонський,lun
119,3,189642,Печерський,lun
57,3,54900,Подільський,lun
122,3,169000,Дарницький,lun
58,1,135000,Позняки,lun
40,1,34900,Олександрівська Слобідка,lun
128,3,230000,Первомайський масив,lun
49,1,95500,Олександрівська Слобідка,lun
27,1,48000,Феофанія,lun
41,1,39285,Олександрівська Слобідка,lun
21,1,35000,Подільський,lun
57,2,55000,Дарницький,lun
66,3,54000,Дніпровський,lun
45,1,79000,Солом'янський,lun
34,1,43000,Оболонський,lun
49,2,62000,Печерський,lun
40,2,77000,Голосіїво,lun
58,2,48000,Дарницький,lun
56,2,47000,Голосіївський,lun
48,2,43000,Подільський,lun
72,3,82000,Оболонський,lun
86,2,146540,Подільський,lun
50,2,55000,Оболонський,lun
68,3,52000,Деснянський,lun
70,1,235000,Нижній Печерськ,lun
91,3,115000,Печерський,lun
97,4,117000,Позняки,lun
53,2,54900,Деснянський,lun
68,2,135000,Оболонський,lun
50,1,77000,Позняки,lun
112,3,135000,Дарницький,lun
163,4,205000,Дніпровський,lun
91,3,95000,Осокорки,lun
52,2,58000,Голосіївський,lun
50,1,90000,Деміївка,lun
98,4,115000,Солом'янський,lun
100,3,229000,Печерський,lun
73,3,90000,Оболонський,lun
68,2,115000,Мінський,lun
55,2,55000,Оболонський,lun
90,4,149000,Голосіївський,lun
50,1,149000,Чорна Гора,lun
48,1,35000,Мінський,lun
56,1,79000,Звіринець,lun
100,3,135000,Соцмісто,lun
140,4,145000,Святошинський,lun
39,1,54000,Голосіївський,lun
153,4,410000,Печерський,lun
313,4,3500000,Печерський,lun
156,3,278000,Печерський,lun
37,1,73500,Нивки,lun
52,1,44000,Нова Дарниця,lun
91,3,110000,Подільський,lun
49,2,41000,Святошинський,lun
112,3,55000,Дарницький,lun
52,1,170000,Нова забудова,lun
24,1,30970,Солом'янський,lun
80,3,109900,Жуляни,lun
50,1,78000,Шевченківський,lun
550,5,1900000,Шевченківський,lun
117,3,135000,Деміївка,lun
90,4,149000,Голосіївський,lun
74,2,90000,Дарницький,lun
72,2,83000,Дарницький,lun
47,1,128000,Нова забудова,lun
36,1,29000,Теремки-1,lun
48,1,79000,Печерський,lun
70,2,102000,Теремки-2,lun
81,3,81500,Відрадний,lun
77,3,149000,Солом'янка,lun
77,2,149000,Печерський,lun
128,3,165000,Дарницький,lun
68,2,115000,Шулявка,lun
62,1,71857,Микільська Слобідка,lun
54,2,52000,Деснянський,lun
85,3,135000,Ґалаґани,lun
32,1,45000,Позняки,lun
125,4,230000,Печерський,lun
80,2,110000,Шевченківський,lun
70,2,155000,Деміївка,lun
67,2,61500,Осокорки,lun
68,2,62000,Нова Дарниця,lun
44,1,35000,Солом'янський,lun
85,3,135000,Ґалаґани,lun
47,2,90000,Шевченківський,lun
48,2,54000,Святошинський,lun
62,2,126000,Солом'янський,lun
60,2,115000,Печерський,lun
120,3,510000,Чорна Гора,lun
114,3,405000,Чорна Гора,lun
100,3,120500,Замковище,lun
55,2,45000,Деснянський,lun
52,2,48000,Дніпровський,lun
48,1,190000,Нова забудова,lun
110,2,330000,Чорна Гора,lun
80,3,145000,Воскресенка,lun
44,1,79000,Солом'янський,lun
55,1,102000,Печерський,lun
83,2,285000,Нова забудова,lun
116,3,306000,Чорна Гора,lun
69,3,62000,Голосіївський,lun
42,2,83000,Подільський,lun
76,2,55000,Нивки,lun
60,2,43000,Соцмісто,lun
54,1,90000,Святошино,lun
85,4,110000,Оболонський,lun
46,2,43000,Святошинський,lun
117,3,119900,Теремки-1,lun
94,3,90000,Теремки-1,lun
50,2,90000,Сирець,lun
60,1,190000,Деміївка,lun
46,2,54000,Шевченківський,lun
46,1,83000,Позняки,lun
140,2,435000,Голосіївський,lun
117,3,205000,Нова забудова,lun
55,1,93000,Осокорки,lun
44,1,58000,Голосіївський,lun
82,2,110000,Позняки,lun
53,2,45000,Деснянський,lun
64,2,135000,Шевченківський,lun
93,3,128000,Дніпровський,lun
40,1,45000,Дарницький,lun
91,3,137000,Теремки-2,lun
27,1,41000,Подільський,lun
151,4,740000,Чорна Гора,lun
80,2,170000,Солдатська слобідка,lun
100,5,71000,Деснянський,lun
79,2,165000,Кудрявець,lun
67,3,110000,Шевченківський,lun
113,3,135000,Саперна Слобідка,lun
56,2,230000,Нова забудова,lun
40,1,31000,Дарницький,lun
65,2,48000,Теремки-1,lun
63,4,110000,Оболонський,lun
52,1,146000,Нижній Печерськ,lun
36,1,39000,Святошинський,lun
74,2,87000,Подільський,lun
51,2,58000,Оболонський,lun
32,1,32000,Дніпровський,lun
95,3,102000,Мостицький масив,lun
80,3,104500,Солом'янка,lun
47,1,59958,Рибальський острів,lun
100,3,90000,Дарницький,lun
37,1,29000,Теремки-1,lun
130,3,155000,Дарницький,lun
56,3,55000,Святошинський,lun
94,3,95000,Дарницький,lun
34,1,47000,Дніпровський,lun
24,1,44000,Деміївка,lun
44,1,30964,Солом'янка,lun
60,1,95000,Теремки-2,lun
47,1,62000,Дарницький,lun
41,1,55000,Ширма,lun
45,1,58000,Дарницький,lun
138,4,229000,Шевченківський,lun
84,2,62000,Чоколівка,lun
123,4,350000,Первомайський масив,lun
120,4,230000,Шевченківський,lun
130,3,360000,Чорна Гора,lun
34,1,45000,Голосіївський,lun
101,3,122000,Позняки,lun
21,1,45000,Дніпровський,lun
45,1,90000,Солом'янський,lun
38,1,62000,Голосіївський,lun
60,2,145000,Печерський,lun
110,3,112371,Голосіївський,lun
86,3,110000,Дарницький,lun
110,3,190000,Шевченківський,lun
47,1,55000,Дніпровський,lun
84,3,78000,Дарницький,lun
110,3,235000,Печерський,lun
97,3,65818,Троєщина,lun
50,2,41000,Дарницький,lun
30,1,39000,Святошинський,lun
92,3,90000,Осокорки,lun
111,3,255000,Оболонь,lun
134,3,159000,Солом'янський,lun
67,2,83000,Новобіличі,lun
42,1,50500,Караваєві Дачі,lun
55,2,77000,Лісовий,lun
92,3,310000,Чорна Гора,lun
41,1,55000,Теремки,lun
125,4,230000,Печерський,lun
154,4,462000,Шевченківський,lun
68,2,3450000,Звіринець,lun
100,3,110000,Дарницький,lun
160,5,350000,Печерський,lun
93,3,93000,Подільський,lun
78,2,149000,Печерськ,lun
46,1,54000,Сирець,lun
26,1,35000,Караваєві Дачі,lun
140,3,462000,Печерський,lun
30,1,35000,Солом'янський,lun
104,3,182000,Позняки,lun
62,2,55892,Микільська Слобідка,lun
99,3,95000,Дарницький,lun
41,1,77000,Теремки-2,lun
75,3,77900,Дарницький,lun
120,3,122000,Дарницький,lun
81,2,178200,Шевченківський,lun
61,3,54000,Святошинський,lun
57,2,48000,Теремки-1,lun
47,1,43000,Біличі,lun
32,1,43000,Оболонський,lun
50,1,190000,Нижній Печерськ,lun
75,2,135000,Шевченківський,lun
71,3,55000,Оболонський,lun
120,4,386000,Чорна Гора,lun
98,3,77000,Троєщина,lun
64,2,135000,Шевченківський,lun
74,3,91000,Жуляни,lun
33,1,35000,Подільський,lun
47,1,34714,Дніпровський,lun
72,3,359000,Шевченківський,lun
30,1,35000,Голосіївський,lun
51,2,58000,Оболонський,lun
159,4,330000,Нова забудова,lun
46,2,55000,Дніпровський,lun
81,3,110000,Теремки-1,lun
114,4,95000,Солом'янський,lun
50,1,71000,Дарницький,lun
23,1,35000,Святошинський,lun
83,2,110000,Деміївка,lun
31,1,44000,Солом'янський,lun
32,1,44000,Шевченківський,lun
56,3,55000,Солом'янський,lun
42,1,43000,Південна Борщагівка,lun
90,2,161766,Шевченківський,lun
67,2,165000,Солом'янка,lun
57,3,55000,Деснянський,lun
79,2,210500,Печерський,lun
44,2,55000,Шевченківський,lun
68,3,54000,Оболонський,lun
90,2,230000,Оболонь,lun
62,3,45000,Святошинський,lun
89,2,130552,Шевченківський,lun
100,3,117000,Дарницький,lun
220,6,1150000,Історичний центр,lun
65,2,52706,Дарницький,lun
250,4,900000,Позняки,lun
42,1,48000,Замковище,lun
53,1,55000,Академмістечко,lun
69,2,54000,Теремки-1,lun
97,3,340000,Чорна Гора,lun
125,3,285000,Черепанова гора,lun
46,2,39000,Оболонський,lun
80,3,115000,Дарницький,lun
86,2,189200,Голосіївський,lun
98,3,90000,Мостицький масив,lun
79,3,55000,Деснянський,lun
65,2,88500,Північно-Броварський (Комсомольський),lun
75,1,113000,Голосіїво,lun
84,3,95000,Дарницький,lun
50,2,230000,Подільський,lun
90,3,165000,Оболонський,lun
35,1,39000,Деснянський,lun
115,4,110000,Деснянський,lun
62,2,45000,Олександрівська Слобідка,lun
73,2,54000,Оболонський,lun
28,1,31000,Святошинський,lun
80,3,77000,Солом'янський,lun
47,1,62000,Дарницький,lun
175,3,450000,Нижній Печерськ,lun
68,2,62000,Нова Дарниця,lun
50,2,55000,Деснянський,lun
50,2,55000,Оболонський,lun
59,2,91000,Печерський,lun
48,1,109900,Печерський,lun
128,3,397000,Печерський,lun
72,2,110000,Шевченківський,lun
64,2,35000,Осокорки,lun
67,2,45000,Пріорка,lun
99,3,95000,Дарницький,lun
141,3,267900,Печерський,lun
79,3,48000,Деснянський,lun
80,3,139000,Печерський,lun
58,2,35000,Голосіївський,lun
47,1,71000,Дарницький,lun
50,2,90000,Сирець,lun
127,3,310000,Печерський,lun
62,2,65500,Подільський,lun
105,2,225000,Печерськ,lun
65,2,48000,Теремки-1,lun
44,2,45000,Солом'янський,lun
82,3,104500,Осокорки,lun
71,2,83500,Деміївка,lun
95,3,145000,Голосіївський,lun
51,2,58000,Шевченківський,lun
39,1,41000,Кадетський Гай,lun
50,1,90000,Деміївка,lun
107,3,115000,Дарницький,lun
160,3,720000,Шевченківський,lun
56,2,230000,Нова забудова,lun
47,2,52000,Печерський,lun
72,2,110000,Шевченківський,lun
89,3,110000,Осокорки,lun
54,1,135000,Оболонь,lun
100,3,305000,Печерський,lun
46,2,77000,Оболонський,lun
61,2,87000,Мінський,lun
94,3,155000,Теремки-1,lun
43,1,47000,Позняки,lun
47,2,93000,Солом'янка,lun
96,3,155000,Оболонь,lun
22,1,31000,Оболонський,lun
45,1,91000,Голосіївський,lun
136,3,319000,Кудрявець,lun
50,1,90000,Деміївка,lun
85,3,235000,Печерський,lun
36,1,30300,Голосіївський,lun
81,3,55000,Теремки-1,lun
140,4,139000,Дарницький,lun
46,2,52000,Шевченківський,lun
25,1,35000,Жуляни,lun
110,3,235000,Печерський,lun
133,5,190000,Дарницький,lun
77,2,232000,Печерський,lun
187,4,177000,Шевченківський,lun
59,3,51900,Святошинський,lun
73,3,62000,Деснянський,lun
92,2,118285,Верхня Теличка,lun
60,3,43700,Шевченківський,lun
48,1,45000,Виноградар,lun
65,2,156000,Нова забудова,lun
56,2,52000,Оболонський,lun
41,1,71000,Голосіївський,lun
60,1,83000,Лук'янівка,lun
65,2,60500,Виноградар,lun
53,2,35000,Осокорки,lun
33,1,34900,Теремки-2,lun
61,3,55000,Солом'янський,lun
75,3,77000,Осокорки,lun
96,3,85500,Дніпровський,lun
90,2,285000,Нижній Печерськ,lun
50,1,60500,Дніпровський,lun
73,2,95000,Дарницький,lun
63,3,95000,Шевченківський,lun
60,1,117058,Печерськ,lun
30,1,52000,Голосіївський,lun
112,3,55000,Дарницький,lun
55,2,115000,Печерський,lun
77,2,379000,Печерський,lun
95,3,90000,Дарницький,lun
79,3,66500,Дарницький,lun
72,2,126000,Дніпровський,lun
119,3,387000,Голосіївський,lun
32,1,115000,Печерський,lun
70,2,126000,Нова забудова,lun
1725,3,34250,Позняки,lun
49,1,95000,Позняки,lun
67,2,190000,Печерський,lun
53,2,77300,Соцмісто,lun
160,4,190000,Солом'янський,lun
39,1,37500,Олександрівська Слобідка,lun
38,1,43000,Подільський,lun
95,3,41800,Харьківський,lun
47,2,45000,Дніпровський,lun
49,1,93000,Шулявка,lun
97,3,83000,Позняки,lun
67,2,48000,Борщагівка,lun
35,1,35000,Оболонський,lun
80,3,110000,Голосіївський,lun
122,3,135000,Дніпровський,lun
120,3,189642,Печерський,lun
80,4,165000,Шевченківський,lun
30,1,35000,Дніпровський,lun
39,1,37500,Теремки-1,lun
120,3,205000,Кудрявець,lun
42,1,110000,Печерський,lun
98,3,87000,Дарницький,lun
130,3,165000,Соцмісто,lun
99,2,129000,Мінський,lun
48,1,49900,Дарницький,lun
72,2,152000,Сирець,lun
203,1,87000,Дарницький,lun
81,2,154000,Печерський,lun
45,2,96500,Позняки,lun
30,1,58000,Печерський,lun
96,4,190000,Печерський,lun
64,2,79000,Нивки,lun
110,5,110000,Дарницький,lun
89,2,165000,Солом'янка,lun
56,2,113000,Печерський,lun
84,3,95000,Дарницький,lun
110,3,110000,Кадетський Гай,lun
22,1,29000,Святошинський,lun
74,3,123000,Рибальський острів,lun
46,2,48000,Дніпровський,lun
45,1,77000,Вітряні Гори,lun
90,3,145000,Голосіївський,lun
115,3,450000,Солдатська слобідка,lun
81,2,285000,Чорна Гора,lun
79,3,48000,Деснянський,lun
85,3,110000,Оболонський,lun
68,3,145000,Позняки,lun
127,3,310000,Печерський,lun
100,4,145000,Дарницький,lun
240,5,340000,Шевченківський,lun
30,1,47000,Печерський,lun
45,1,71000,Виноградар,lun
68,3,115000,Голосіїво,lun
68,2,60500,Нова Дарниця,lun
94,3,90000,Дарницький,lun
116,3,165000,Голосіївський,lun
36,1,31000,Харьківський,lun
78,2,350000,Печерський,lun
135,4,198000,Лівобережний масив,lun
120,3,570000,Чорна Гора,lun
102,3,83000,Дарницький,lun
80,3,63778,Микільська Слобідка,lun
45,1,47000,Академмістечко,lun
52,2,135000,Печерський,lun
54,1,43000,Оболонський,lun
105,3,330000,Солдатська слобідка,lun
73,2,55000,Подільський,lun
134,3,348900,Шевченківський,lun
280,4,559000,Шевченківський,lun
115,3,340000,Солдатська слобідка,lun
79,3,76500,Дніпровський,lun
84,3,79000,Позняки,lun
58,2,66764,Голосіїво,lun
44,1,41000,Відрадний,lun
32,1,49900,Печерський,lun
67,2,45000,Осокорки,lun
44,2,47000,Оболонський,lun
55,2,149000,Шевченківський,lun
34,1,31000,КПІ,lun
95,3,95000,Оболонський,lun
41,1,32000,Дарницький,lun
70,2,93000,Русанівські сади,lun
62,2,87000,Печерський,lun
135,3,330000,Шевченківський,lun
198,4,1000000,Чорна Гора,lun
123,3,207800,Нова забудова,lun
44,1,66900,Соцмісто,lun
68,2,77000,Голосіївський,lun
114,3,135000,Святошинський,lun
100,5,71000,Деснянський,lun
102,1,115000,Теремки-2,lun
66,3,58000,Дніпровський,lun
160,5,560000,Шевченківський,lun
60,2,55000,Дарницький,lun
49,2,41000,Святошинський,lun
75,3,62000,Солом'янський,lun
63,1,129000,Черепанова гора,lun
40,2,79000,Голосіївський,lun
66,2,50500,Позняки,lun
100,3,115000,Дарницький,lun
76,2,155000,Печерський,lun
96,4,190000,Печерський,lun
60,1,83000,Дарницький,lun
44,1,90000,Нижній Печерськ,lun
110,2,242110,Чорна Гора,lun
50,1,58000,Дніпровський,lun
35,1,39000,Деснянський,lun
67,3,56900,Оболонський,lun
130,3,241000,Деміївка,lun
82,2,90000,Троєщина,lun
84,2,69200,Воскресенка,lun
212,4,765000,Звіринець,lun
80,2,149000,Солом'янка,lun
94,2,161657,Нова забудова,lun
60,2,93000,Деміївка,lun
100,5,63500,Дарницький,lun
68,3,79000,Оболонський,lun
117,3,197000,Нова забудова,lun
43,2,44000,Солом'янський,lun
91,3,137000,Теремки-2,lun
40,2,79000,Голосіївський,lun
70,3,62000,Подільський,lun
95,3,128000,Деміївка,lun
59,3,55000,Святошинський,lun
85,3,129000,Рибальський острів,lun
50,1,78000,Дарницький,lun
141,3,267900,Печерський,lun
51,2,52000,Дніпровський,lun
97,3,135000,Позняки,lun
106,3,156000,Солдатська слобідка,lun
88,3,135000,Подільський,lun
38,1,35000,Деснянський,lun
80,2,90000,Оболонь,lun
56,2,35000,Теремки,lun
70,3,79000,Оболонський,lun
37,1,71000,Теремки-2,lun
49,1,90000,Осокорки,lun
30,1,43000,Дніпровський,lun
43,2,71000,Печерський,lun
103,3,137000,Святошинський,lun
120,3,510000,Чорна Гора,lun
43,1,82000,Солом'янка,lun
73,2,145000,Голосіївський,lun
160,4,255000,Шевченківський,lun
80,3,139000,Відрадний,lun
143,4,429000,Нижній Печерськ,lun
23,1,37999,Подільський,lun
53,1,95300,Нижній Печерськ,lun
160,4,720000,Чорна Гора,lun
40,1,47000,Дарницький,lun
169,3,149000,Солом'янський,lun
86,2,206400,Шевченківський,lun
70,2,115000,Рибальський острів,lun
160,4,830000,Чорна Гора,lun
73,3,56500,Деснянський,lun
51,2,63500,Дарницький,lun
42,2,49999,Шевченківський,lun
93,3,159000,Відрадний,lun
43,1,45000,Голосіївський,lun
111,3,135000,Солом'янка,lun
121,3,285000,Нижній Печерськ,lun
71,2,87500,Дарницький,lun
62,2,126000,Солом'янський,lun
439,1,1055616,Чорна Гора,lun
48,2,41000,Святошинський,lun
50,1,165000,Чорна Гора,lun
142,4,135000,Феофанія,lun
41,1,55000,Теремки,lun
136,3,110000,Нова Дарниця,lun
160,4,350000,Шевченківський,lun
48,1,41000,Осокорки,lun
163,5,330000,Печерський,lun
34,1,39000,Голосіївський,lun
30,1,58000,Печерський,lun
21,1,35000,Теремки-1,lun
74,2,72600,Теремки-1,lun
43,1,44000,Оболонський,lun
129,3,225000,Печерськ,lun
29,1,37700,Голосіїво,lun
178,4,750000,Звіринець,lun
39,1,83000,Шевченківський,lun
43,1,45000,Дарницький,lun
36,1,37500,Мінський,lun
63,3,135000,Голосіїво,lun
57,2,48000,Теремки-1,lun
52,2,44999,Подільський,lun
46,2,37500,Деснянський,lun
40,1,38300,Оболонський,lun
73,1,105928,Верхня Теличка,lun
144,3,187200,Нижній Печерськ,lun
70,2,102000,Теремки-2,lun
55,2,155000,Нижній Печерськ,lun
86,3,135000,Шевченківський,lun
36,1,52000,Замковище,lun
94,2,193000,Деміївка,lun
96,4,190000,Печерський,lun
80,3,110000,Позняки,lun
216,5,230000,Подільський,lun
64,2,79000,Нивки,lun
372,5,3200000,Печерський,lun
45,1,79000,Соцмісто,lun
53,2,61859,Дніпровський,lun
120,4,620000,Шевченківський,lun
67,2,87000,Солом'янський,lun
49,1,77800,Жуляни,lun
46,2,67990,Оболонський,lun
62,3,48000,Голосіївський,lun
43,1,48000,Троєщина,lun
79,3,110000,Дарницький,lun
151,3,155000,Позняки,lun
86,3,95000,Оболонський,lun
138,4,229000,Шевченківський,lun
54,2,47000,Деснянський,lun
48,1,54000,Теремки-1,lun
122,3,197142,Микільська Слобідка,lun
101,2,170000,Чорна Гора,lun
94,4,186500,Рибальський острів,lun
54,2,54000,Подільський,lun
79,2,165000,Кудрявець,lun
53,1,135000,Шевченківський,lun
100,3,86785,Поділ,lun
122,3,169000,Борщагівка,lun
52,1,74997,Шевченківський,lun
372,5,3200000,Печерський,lun
36,1,47000,Біличі,lun
46,1,87000,Голосіївський,lun
90,2,161766,Шевченківський,lun
40,1,34900,Олександрівська Слобідка,lun
80,3,135000,Оболонський,lun
122,3,246500,Звіринець,lun
97,3,155000,Теремки-1,lun
67,2,50500,Осокорки,lun
77,3,58000,Осокорки,lun
62,2,62000,Дніпровський,lun
112,3,55000,Дарницький,lun
69,3,83000,Дніпровський,lun
72,3,78000,Деснянський,lun
107,4,360000,Шевченківський,lun
128,3,350000,Печерський,lun
96,3,116500,Дніпровський,lun
83,2,136200,Оболонь,lun
80,3,135000,Оболонський,lun
41,1,71000,Голосіївський,lun
56,2,49900,Біличі,lun
96,2,110000,Олександрівська Слобідка,lun
118,4,155000,Дарницький,lun
41,1,39000,Голосіївський,lun
36,1,45000,Голосіївський,lun
160,5,560000,Шевченківський,lun
95,3,87000,Первомайський масив,lun
39,1,73340,Шевченківський,lun
131,4,211033,Рибальський острів,lun
44,2,47000,Шевченківський,lun
115,3,129000,Дарницький,lun
44,1,52000,Новобіличі,lun
60,2,85500,Теремки-1,lun
71,2,54000,Мінський,lun
47,2,55000,Шевченківський,lun
37,1,35000,Осокорки,lun
50,2,155000,Шевченківський,lun
36,1,35000,Нивки,lun
